number,value,datetime_start,datetime_complete,duration,params_alpha,params_conv_filters,params_dense_units,params_initial_lr,user_attrs_param_count,system_attrs_tpe:relative_params:0,state
0,0.7456446290016174,2026-09-07 14:25:38.093764,2026-09-07 14:26:44.334500,0 days 00:01:06.240736,0.03781546810733475,48,48,0.0007671862596862591,178325,,COMPLETE
1,0.46515679359436035,2026-09-07 14:26:44.335429,2026-09-07 14:26:59.929955,0 days 00:00:15.594526,0.01648142201996496,48,32,0.00115260907433503,507701,,COMPLETE
2,0.32752612233161926,2026-09-07 14:26:59.930489,2026-09-07 14:27:41.031711,0 days 00:00:41.101222,0.002014587369698269,24,8,0.0020264144240181607,63725,,COMPLETE
3,0.8092334270477295,2026-09-07 14:27:41.032408,2026-09-07 14:28:11.759973,0 days 00:00:30.727565,0.005316604814807217,16,32,0.00029848598976040734,169365,,COMPLETE
4,0.7787456512451172,2026-09-07 14:28:11.760495,2026-09-07 14:28:40.803606,0 days 00:00:29.043111,0.0026729827465361506,24,64,0.0028185506465349254,118973,,COMPLETE
5,0.792682945728302,2026-09-07 14:28:40.804128,2026-09-07 14:29:15.125349,0 days 00:00:34.321221,0.015455699805689033,32,48,0.0010925008458905203,118981,,COMPLETE
6,0.7813588976860046,2026-09-07 14:29:15.126114,2026-09-07 14:30:25.606561,0 days 00:01:10.480447,0.0797215763518428,48,16,0.0024812427712608857,254165,,COMPLETE
7,0.7787456512451172,2026-09-07 14:30:25.607089,2026-09-07 14:30:42.598686,0 days 00:00:16.991597,0.03879286448589861,16,64,0.0007824260869729454,79445,,COMPLETE
8,0.803135871887207,2026-09-07 14:30:42.599202,2026-09-07 14:31:24.510688,0 days 00:00:41.911486,0.0011296148935685012,32,32,0.00013607080767043733,338533,,COMPLETE
9,0.4695121943950653,2026-09-07 14:31:24.511216,2026-09-07 14:31:52.415040,0 days 00:00:27.903824,0.049401833972040725,48,16,0.00047040635842210095,254165,,COMPLETE
10,0.6620209217071533,2026-09-07 14:31:52.416500,2026-09-07 14:33:19.135885,0 days 00:01:26.719385,0.010029731914722605,64,32,0.00030117656524308834,676869,"{""alpha"": 0.010029731914722605, ""conv_filters"": 64, ""dense_units"": 32, ""initial_lr"": 0.00030117656524308834}",COMPLETE
11,0.75696861743927,2026-09-07 14:33:19.136451,2026-09-07 14:33:51.777549,0 days 00:00:32.641098,0.0030567668435737515,32,32,0.00015741893317108274,338533,"{""alpha"": 0.0030567668435737515, ""conv_filters"": 32, ""dense_units"": 32, ""initial_lr"": 0.00015741893317108274}",COMPLETE
12,0.7343205809593201,2026-09-07 14:33:51.778103,2026-09-07 14:34:21.762193,0 days 00:00:29.984090,0.0010495941710667114,16,32,0.000979156415503331,169365,"{""alpha"": 0.0010495941710667114, ""conv_filters"": 16, ""dense_units"": 32, ""initial_lr"": 0.000979156415503331}",COMPLETE
13,0.7804877758026123,2026-09-07 14:34:21.762701,2026-09-07 14:34:45.804231,0 days 00:00:24.041530,0.0030770915478376595,16,64,0.0002899928329868314,79445,"{""alpha"": 0.0030770915478376595, ""conv_filters"": 16, ""dense_units"": 64, ""initial_lr"": 0.0002899928329868314}",COMPLETE
14,0.8040069937705994,2026-09-07 14:34:45.804738,2026-09-07 14:35:34.233188,0 days 00:00:48.428450,0.009350383713430534,32,32,0.00013762391167763784,338533,"{""alpha"": 0.009350383713430534, ""conv_filters"": 32, ""dense_units"": 32, ""initial_lr"": 0.00013762391167763784}",COMPLETE
15,0.6837978959083557,2026-09-07 14:35:34.233951,2026-09-07 14:36:18.165821,0 days 00:00:43.931870,0.0082997642235623,32,16,0.00010429926194435806,169477,"{""alpha"": 0.0082997642235623, ""conv_filters"": 32, ""dense_units"": 16, ""initial_lr"": 0.00010429926194435806}",COMPLETE
16,0.7874564528465271,2026-09-07 14:36:18.166419,2026-09-07 14:36:48.742819,0 days 00:00:30.576400,0.030999374192658417,16,32,0.00013462909873582593,169365,"{""alpha"": 0.030999374192658417, ""conv_filters"": 16, ""dense_units"": 32, ""initial_lr"": 0.00013462909873582593}",COMPLETE
17,0.75,2026-09-07 14:36:48.743330,2026-09-07 14:37:36.741218,0 days 00:00:47.997888,0.049263448119571576,32,32,0.0002145306894744355,338533,"{""alpha"": 0.049263448119571576, ""conv_filters"": 32, ""dense_units"": 32, ""initial_lr"": 0.0002145306894744355}",COMPLETE
18,0.608013927936554,2026-09-07 14:37:36.741798,2026-09-07 14:37:53.657081,0 days 00:00:16.915283,0.010856811690733891,32,8,0.0002460256039278331,84949,"{""alpha"": 0.010856811690733891, ""conv_filters"": 32, ""dense_units"": 8, ""initial_lr"": 0.0002460256039278331}",COMPLETE
19,0.6777003407478333,2026-09-07 14:37:53.657578,2026-09-07 14:38:07.882346,0 days 00:00:14.224768,0.002657023615889631,16,8,0.0005332846877485009,42501,"{""alpha"": 0.002657023615889631, ""conv_filters"": 16, ""dense_units"": 8, ""initial_lr"": 0.0005332846877485009}",COMPLETE
20,0.7952961921691895,2026-09-07 14:38:07.882910,2026-09-07 14:38:37.965635,0 days 00:00:30.082725,0.004293704594770218,16,32,0.0003902611749033193,169365,"{""alpha"": 0.004293704594770218, ""conv_filters"": 16, ""dense_units"": 32, ""initial_lr"": 0.0003902611749033193}",COMPLETE
21,0.7918118238449097,2026-09-07 14:38:37.966187,2026-09-07 14:39:25.873066,0 days 00:00:47.906879,0.0014379865383728865,32,32,0.00011751891670251905,338533,"{""alpha"": 0.0014379865383728865, ""conv_filters"": 32, ""dense_units"": 32, ""initial_lr"": 0.00011751891670251905}",COMPLETE
22,0.7412891983985901,2026-09-07 14:39:25.874515,2026-09-07 14:39:45.936073,0 days 00:00:20.061558,0.0017976756974765285,16,48,0.0001880011772317356,59637,"{""alpha"": 0.0017976756974765285, ""conv_filters"": 16, ""dense_units"": 48, ""initial_lr"": 0.0001880011772317356}",COMPLETE
23,0.7630661725997925,2026-09-07 14:39:45.936594,2026-09-07 14:40:21.794609,0 days 00:00:35.858015,0.005275159416420998,24,32,0.0001471185981700847,253949,"{""alpha"": 0.005275159416420998, ""conv_filters"": 24, ""dense_units"": 32, ""initial_lr"": 0.0001471185981700847}",COMPLETE
24,0.7935540080070496,2026-09-07 14:40:21.795194,2026-09-07 14:41:10.090393,0 days 00:00:48.295199,0.024748432422653933,32,32,0.0003016868556329139,338533,"{""alpha"": 0.024748432422653933, ""conv_filters"": 32, ""dense_units"": 32, ""initial_lr"": 0.0003016868556329139}",COMPLETE
25,0.40243902802467346,2026-09-07 14:41:10.090955,2026-09-07 14:41:25.236304,0 days 00:00:15.145349,0.001120677862367659,64,32,0.00024560799706235977,676869,"{""alpha"": 0.001120677862367659, ""conv_filters"": 64, ""dense_units"": 32, ""initial_lr"": 0.00024560799706235977}",COMPLETE
26,0.8083623647689819,2026-09-07 14:41:25.236822,2026-09-07 14:41:55.006450,0 days 00:00:29.769628,0.010253668621366107,16,32,0.00018534226958466523,169365,"{""alpha"": 0.010253668621366107, ""conv_filters"": 16, ""dense_units"": 32, ""initial_lr"": 0.00018534226958466523}",COMPLETE
27,0.7970383167266846,2026-09-07 14:41:55.006932,2026-09-07 14:42:25.008654,0 days 00:00:30.001722,0.010906294928248758,16,32,0.00010240760670086233,169365,"{""alpha"": 0.010906294928248758, ""conv_filters"": 16, ""dense_units"": 32, ""initial_lr"": 0.00010240760670086233}",COMPLETE
28,0.8005226254463196,2026-09-07 14:42:25.009369,2026-09-07 14:43:11.683094,0 days 00:00:46.673725,0.006153974113066189,32,64,0.00016771879173939054,158501,"{""alpha"": 0.006153974113066189, ""conv_filters"": 32, ""dense_units"": 64, ""initial_lr"": 0.00016771879173939054}",COMPLETE
29,0.8057491183280945,2026-09-07 14:43:11.683596,2026-09-07 14:43:35.090055,0 days 00:00:23.406459,0.010715463820034294,16,32,0.00019201027833753244,169365,"{""alpha"": 0.010715463820034294, ""conv_filters"": 16, ""dense_units"": 32, ""initial_lr"": 0.00019201027833753244}",COMPLETE
30,0.8101045489311218,2026-09-07 14:43:35.091632,2026-09-07 14:43:58.013010,0 days 00:00:22.921378,0.01238033906230581,16,32,0.00023738451932117134,169365,"{""alpha"": 0.01238033906230581, ""conv_filters"": 16, ""dense_units"": 32, ""initial_lr"": 0.00023738451932117134}",COMPLETE
31,0.7796167135238647,2026-09-07 14:43:58.013529,2026-09-07 14:44:18.830447,0 days 00:00:20.816918,0.012227255041301042,16,32,0.00020505872086840754,169365,"{""alpha"": 0.012227255041301042, ""conv_filters"": 16, ""dense_units"": 32, ""initial_lr"": 0.00020505872086840754}",COMPLETE
32,0.6010453104972839,2026-09-07 14:44:18.830945,2026-09-07 14:44:48.548640,0 days 00:00:29.717695,0.0029133742171355737,16,8,0.00011132371827397009,42501,"{""alpha"": 0.0029133742171355737, ""conv_filters"": 16, ""dense_units"": 8, ""initial_lr"": 0.00011132371827397009}",COMPLETE
33,0.7935540080070496,2026-09-07 14:44:48.549148,2026-09-07 14:45:18.369033,0 days 00:00:29.819885,0.022915630942023466,16,32,0.00027994685963468396,169365,"{""alpha"": 0.022915630942023466, ""conv_filters"": 16, ""dense_units"": 32, ""initial_lr"": 0.00027994685963468396}",COMPLETE
34,0.6376306414604187,2026-09-07 14:45:18.369536,2026-09-07 14:45:39.094324,0 days 00:00:20.724788,0.00817019743590503,16,8,0.00014545110978646396,42501,"{""alpha"": 0.00817019743590503, ""conv_filters"": 16, ""dense_units"": 8, ""initial_lr"": 0.00014545110978646396}",COMPLETE
35,0.7508710622787476,2026-09-07 14:45:39.094805,2026-09-07 14:46:08.607268,0 days 00:00:29.512463,0.007145095277153165,16,16,0.00023595836458389994,84789,"{""alpha"": 0.007145095277153165, ""conv_filters"": 16, ""dense_units"": 16, ""initial_lr"": 0.00023595836458389994}",COMPLETE
36,0.8170731663703918,2026-09-07 14:46:08.607776,2026-09-07 14:46:38.374446,0 days 00:00:29.766670,0.004681756057509029,16,32,0.00011909661158461304,169365,"{""alpha"": 0.004681756057509029, ""conv_filters"": 16, ""dense_units"": 32, ""initial_lr"": 0.00011909661158461304}",COMPLETE
37,0.7526132464408875,2026-09-07 14:46:38.374994,2026-09-07 14:47:05.561688,0 days 00:00:27.186694,0.017412632029258225,16,48,0.00013148611266008967,59637,"{""alpha"": 0.017412632029258225, ""conv_filters"": 16, ""dense_units"": 48, ""initial_lr"": 0.00013148611266008967}",COMPLETE
38,0.546167254447937,2026-09-07 14:47:05.562213,2026-09-07 14:47:20.240743,0 days 00:00:14.678530,0.023621372540324117,16,8,0.00018221222161616616,42501,"{""alpha"": 0.023621372540324117, ""conv_filters"": 16, ""dense_units"": 8, ""initial_lr"": 0.00018221222161616616}",COMPLETE
39,0.8127177953720093,2026-09-07 14:47:20.241249,2026-09-07 14:48:08.053065,0 days 00:00:47.811816,0.004329300486179808,32,32,0.00010189627695763826,338533,"{""alpha"": 0.004329300486179808, ""conv_filters"": 32, ""dense_units"": 32, ""initial_lr"": 0.00010189627695763826}",COMPLETE
40,0.7874564528465271,2026-09-07 14:48:08.053589,2026-09-07 14:48:30.485903,0 days 00:00:22.432314,0.005396350614465738,16,32,0.00017317630843357917,169365,"{""alpha"": 0.005396350614465738, ""conv_filters"": 16, ""dense_units"": 32, ""initial_lr"": 0.00017317630843357917}",COMPLETE
41,0.7709059119224548,2026-09-07 14:48:30.486425,2026-09-07 14:49:11.899315,0 days 00:00:41.412890,0.004447866867048306,32,32,0.00010760427944801729,338533,"{""alpha"": 0.004447866867048306, ""conv_filters"": 32, ""dense_units"": 32, ""initial_lr"": 0.00010760427944801729}",COMPLETE
42,0.7709059119224548,2026-09-07 14:49:11.900118,2026-09-07 14:50:38.600097,0 days 00:01:26.699979,0.015558210567280226,64,32,0.00013745537204185187,676869,"{""alpha"": 0.015558210567280226, ""conv_filters"": 64, ""dense_units"": 32, ""initial_lr"": 0.00013745537204185187}",COMPLETE
43,0.7865853905677795,2026-09-07 14:50:38.600803,2026-09-07 14:51:19.060889,0 days 00:00:40.460086,0.002671160347394216,24,32,0.00010183615116843842,253949,"{""alpha"": 0.002671160347394216, ""conv_filters"": 24, ""dense_units"": 32, ""initial_lr"": 0.00010183615116843842}",COMPLETE
44,0.8118466734886169,2026-09-07 14:51:19.061389,2026-09-07 14:51:48.938928,0 days 00:00:29.877539,0.002699467905018886,24,32,0.00022719508547245786,253949,"{""alpha"": 0.002699467905018886, ""conv_filters"": 24, ""dense_units"": 32, ""initial_lr"": 0.00022719508547245786}",COMPLETE
45,0.7648083567619324,2026-09-07 14:51:48.939466,2026-09-07 14:52:28.704877,0 days 00:00:39.765411,0.0034783324159813793,24,32,0.00019242388488543698,253949,"{""alpha"": 0.0034783324159813793, ""conv_filters"": 24, ""dense_units"": 32, ""initial_lr"": 0.00019242388488543698}",COMPLETE
46,0.7787456512451172,2026-09-07 14:52:28.705407,2026-09-07 14:52:46.973110,0 days 00:00:18.267703,0.012220512191096577,16,32,0.00044235804306239285,169365,"{""alpha"": 0.012220512191096577, ""conv_filters"": 16, ""dense_units"": 32, ""initial_lr"": 0.00044235804306239285}",COMPLETE
47,0.8048780560493469,2026-09-07 14:52:46.973611,2026-09-07 14:53:56.676711,0 days 00:01:09.703100,0.002362464494701368,48,32,0.0001406972376175994,507701,"{""alpha"": 0.002362464494701368, ""conv_filters"": 48, ""dense_units"": 32, ""initial_lr"": 0.0001406972376175994}",COMPLETE
48,0.796167254447937,2026-09-07 14:53:56.677213,2026-09-07 14:54:44.303699,0 days 00:00:47.626486,0.005318780019240436,32,32,0.00024953145752109294,338533,"{""alpha"": 0.005318780019240436, ""conv_filters"": 32, ""dense_units"": 32, ""initial_lr"": 0.00024953145752109294}",COMPLETE
49,0.8022648096084595,2026-09-07 14:54:44.304235,2026-09-07 14:55:13.203641,0 days 00:00:28.899406,0.020720526378548532,16,32,0.000579117533927182,169365,"{""alpha"": 0.020720526378548532, ""conv_filters"": 16, ""dense_units"": 32, ""initial_lr"": 0.000579117533927182}",COMPLETE
50,0.8092334270477295,2026-09-07 14:55:13.204176,2026-09-07 14:55:42.814914,0 days 00:00:29.610738,0.0076033059378464865,16,32,0.0002968471905471981,169365,"{""alpha"": 0.0076033059378464865, ""conv_filters"": 16, ""dense_units"": 32, ""initial_lr"": 0.0002968471905471981}",COMPLETE
51,0.7909407615661621,2026-09-07 14:55:42.815407,2026-09-07 14:56:21.677986,0 days 00:00:38.862579,0.0025040823257751095,24,32,0.0003839774937961454,253949,"{""alpha"": 0.0025040823257751095, ""conv_filters"": 24, ""dense_units"": 32, ""initial_lr"": 0.0003839774937961454}",COMPLETE
52,0.815330982208252,2026-09-07 14:56:21.678520,2026-09-07 14:56:44.081969,0 days 00:00:22.403449,0.005008687856253225,16,32,0.0006428337554390236,169365,"{""alpha"": 0.005008687856253225, ""conv_filters"": 16, ""dense_units"": 32, ""initial_lr"": 0.0006428337554390236}",COMPLETE
53,0.7421602606773376,2026-09-07 14:56:44.082489,2026-09-07 14:57:05.366617,0 days 00:00:21.284128,0.004699314711225413,16,32,0.0007266625948681047,169365,"{""alpha"": 0.004699314711225413, ""conv_filters"": 16, ""dense_units"": 32, ""initial_lr"": 0.0007266625948681047}",COMPLETE
54,0.7935540080070496,2026-09-07 14:57:05.368103,2026-09-07 14:57:33.961640,0 days 00:00:28.593537,0.006023260363572694,16,32,0.00010310981594675098,169365,"{""alpha"": 0.006023260363572694, ""conv_filters"": 16, ""dense_units"": 32, ""initial_lr"": 0.00010310981594675098}",COMPLETE
55,0.806620180606842,2026-09-07 14:57:33.962201,2026-09-07 14:58:03.831671,0 days 00:00:29.869470,0.0036748049947615945,16,32,0.000125698193847377,169365,"{""alpha"": 0.0036748049947615945, ""conv_filters"": 16, ""dense_units"": 32, ""initial_lr"": 0.000125698193847377}",COMPLETE
56,0.7334494590759277,2026-09-07 14:58:03.832221,2026-09-07 14:58:22.770438,0 days 00:00:18.938217,0.0033991195325483317,16,32,0.0012110990513130092,169365,"{""alpha"": 0.0033991195325483317, ""conv_filters"": 16, ""dense_units"": 32, ""initial_lr"": 0.0012110990513130092}",COMPLETE
57,0.7656794190406799,2026-09-07 14:58:22.771127,2026-09-07 14:58:40.769798,0 days 00:00:17.998671,0.007965751843794727,16,32,0.0006742737579900942,169365,"{""alpha"": 0.007965751843794727, ""conv_filters"": 16, ""dense_units"": 32, ""initial_lr"": 0.0006742737579900942}",COMPLETE
58,0.8083623647689819,2026-09-07 14:58:40.770301,2026-09-07 14:59:25.610996,0 days 00:00:44.840695,0.0019211261630695657,32,32,0.00022321191026415267,338533,"{""alpha"": 0.0019211261630695657, ""conv_filters"": 32, ""dense_units"": 32, ""initial_lr"": 0.00022321191026415267}",COMPLETE
59,0.7595818638801575,2026-09-07 14:59:25.611565,2026-09-07 14:59:47.640786,0 days 00:00:22.029221,0.005602020914017954,16,32,0.0011482839517590496,169365,"{""alpha"": 0.005602020914017954, ""conv_filters"": 16, ""dense_units"": 32, ""initial_lr"": 0.0011482839517590496}",COMPLETE
60,0.5191637873649597,2026-09-07 14:59:47.641339,2026-09-07 15:00:20.609432,0 days 00:00:32.968093,0.001364276381795624,24,32,0.0005958943257500188,253949,"{""alpha"": 0.001364276381795624, ""conv_filters"": 24, ""dense_units"": 32, ""initial_lr"": 0.0005958943257500188}",COMPLETE
61,0.7813588976860046,2026-09-07 15:00:20.609966,2026-09-07 15:00:50.434483,0 days 00:00:29.824517,0.0071068195734135505,16,32,0.0003295976985586148,169365,"{""alpha"": 0.0071068195734135505, ""conv_filters"": 16, ""dense_units"": 32, ""initial_lr"": 0.0003295976985586148}",COMPLETE
62,0.8005226254463196,2026-09-07 15:00:50.435003,2026-09-07 15:01:19.956140,0 days 00:00:29.521137,0.005360522919011391,16,64,0.0005550365879493567,79445,"{""alpha"": 0.005360522919011391, ""conv_filters"": 16, ""dense_units"": 64, ""initial_lr"": 0.0005550365879493567}",COMPLETE
63,0.7770034670829773,2026-09-07 15:01:19.956660,2026-09-07 15:01:54.062998,0 days 00:00:34.106338,0.0014758540652684074,24,32,0.00031914976139890775,253949,"{""alpha"": 0.0014758540652684074, ""conv_filters"": 24, ""dense_units"": 32, ""initial_lr"": 0.00031914976139890775}",COMPLETE
64,0.8013937473297119,2026-09-07 15:01:54.063600,2026-09-07 15:02:24.014580,0 days 00:00:29.950980,0.0044725310154739035,16,32,0.00023609188405551183,169365,"{""alpha"": 0.0044725310154739035, ""conv_filters"": 16, ""dense_units"": 32, ""initial_lr"": 0.00023609188405551183}",COMPLETE
65,0.7604529857635498,2026-09-07 15:02:24.015127,2026-09-07 15:02:40.634883,0 days 00:00:16.619756,0.011634213979638933,16,32,0.001082559300641318,169365,"{""alpha"": 0.011634213979638933, ""conv_filters"": 16, ""dense_units"": 32, ""initial_lr"": 0.001082559300641318}",COMPLETE
66,0.7891985774040222,2026-09-07 15:02:40.635372,2026-09-07 15:02:58.716209,0 days 00:00:18.080837,0.017904714502934693,16,32,0.00016225407130592527,169365,"{""alpha"": 0.017904714502934693, ""conv_filters"": 16, ""dense_units"": 32, ""initial_lr"": 0.00016225407130592527}",COMPLETE
67,0.803135871887207,2026-09-07 15:02:58.716724,2026-09-07 15:03:38.199715,0 days 00:00:39.482991,0.0036932089789747744,24,32,0.00026774046308419673,253949,"{""alpha"": 0.0036932089789747744, ""conv_filters"": 24, ""dense_units"": 32, ""initial_lr"": 0.00026774046308419673}",COMPLETE
68,0.8048780560493469,2026-09-07 15:03:38.200556,2026-09-07 15:04:08.103775,0 days 00:00:29.903219,0.0027535205579046714,16,32,0.00020358198934852264,169365,"{""alpha"": 0.0027535205579046714, ""conv_filters"": 16, ""dense_units"": 32, ""initial_lr"": 0.00020358198934852264}",COMPLETE
69,0.7770034670829773,2026-09-07 15:04:08.104436,2026-09-07 15:04:37.881082,0 days 00:00:29.776646,0.010249723453228261,16,48,0.0003406795347952802,59637,"{""alpha"": 0.010249723453228261, ""conv_filters"": 16, ""dense_units"": 48, ""initial_lr"": 0.0003406795347952802}",COMPLETE
70,0.8048780560493469,2026-09-07 15:04:37.881603,2026-09-07 15:05:07.688153,0 days 00:00:29.806550,0.017422931847550432,16,32,0.00035487128580082385,169365,"{""alpha"": 0.017422931847550432, ""conv_filters"": 16, ""dense_units"": 32, ""initial_lr"": 0.00035487128580082385}",COMPLETE
71,0.792682945728302,2026-09-07 15:05:07.688678,2026-09-07 15:05:37.196885,0 days 00:00:29.508207,0.011246988382862502,16,64,0.0001360002901688329,79445,"{""alpha"": 0.011246988382862502, ""conv_filters"": 16, ""dense_units"": 64, ""initial_lr"": 0.0001360002901688329}",COMPLETE
72,0.7412891983985901,2026-09-07 15:05:37.197396,2026-09-07 15:06:06.119590,0 days 00:00:28.922194,0.010131400457909619,16,16,0.0002786909712306179,84789,"{""alpha"": 0.010131400457909619, ""conv_filters"": 16, ""dense_units"": 16, ""initial_lr"": 0.0002786909712306179}",COMPLETE
73,0.49564459919929504,2026-09-07 15:06:06.120099,2026-09-07 15:06:22.032559,0 days 00:00:15.912460,0.0031247302619378985,32,32,0.00011544812725078399,338533,"{""alpha"": 0.0031247302619378985, ""conv_filters"": 32, ""dense_units"": 32, ""initial_lr"": 0.00011544812725078399}",COMPLETE
74,0.7778745889663696,2026-09-07 15:06:22.033056,2026-09-07 15:07:13.149922,0 days 00:00:51.116866,0.008308072785123117,32,32,0.000255210287630385,338533,"{""alpha"": 0.008308072785123117, ""conv_filters"": 32, ""dense_units"": 32, ""initial_lr"": 0.000255210287630385}",COMPLETE
75,0.7656794190406799,2026-09-07 15:07:13.151984,2026-09-07 15:08:02.204418,0 days 00:00:49.052434,0.008520121203823701,32,32,0.00018625967118736703,338533,"{""alpha"": 0.008520121203823701, ""conv_filters"": 32, ""dense_units"": 32, ""initial_lr"": 0.00018625967118736703}",COMPLETE
76,0.6585366129875183,2026-09-07 15:08:02.204927,2026-09-07 15:08:32.680265,0 days 00:00:30.475338,0.005674628865358951,16,8,0.00014066983536604492,42501,"{""alpha"": 0.005674628865358951, ""conv_filters"": 16, ""dense_units"": 8, ""initial_lr"": 0.00014066983536604492}",COMPLETE
77,0.7874564528465271,2026-09-07 15:08:32.680829,2026-09-07 15:09:02.875698,0 days 00:00:30.194869,0.00407562123890565,16,32,0.00018112386107233693,169365,"{""alpha"": 0.00407562123890565, ""conv_filters"": 16, ""dense_units"": 32, ""initial_lr"": 0.00018112386107233693}",COMPLETE
78,0.815330982208252,2026-09-07 15:09:02.876204,2026-09-07 15:09:43.176035,0 days 00:00:40.299831,0.0021735069338706817,24,32,0.00018863393256766104,253949,"{""alpha"": 0.0021735069338706817, ""conv_filters"": 24, ""dense_units"": 32, ""initial_lr"": 0.00018863393256766104}",COMPLETE
79,0.8005226254463196,2026-09-07 15:09:43.176566,2026-09-07 15:11:09.848362,0 days 00:01:26.671796,0.0019934268851256294,64,32,0.00017062605021720382,676869,"{""alpha"": 0.0019934268851256294, ""conv_filters"": 64, ""dense_units"": 32, ""initial_lr"": 0.00017062605021720382}",COMPLETE
80,0.796167254447937,2026-09-07 15:11:09.848898,2026-09-07 15:11:30.733683,0 days 00:00:20.884785,0.009472158942775062,16,32,0.00045991454450712766,169365,"{""alpha"": 0.009472158942775062, ""conv_filters"": 16, ""dense_units"": 32, ""initial_lr"": 0.00045991454450712766}",COMPLETE
81,0.7987805008888245,2026-09-07 15:11:30.734250,2026-09-07 15:12:05.860687,0 days 00:00:35.126437,0.0014763330001828301,24,32,0.0001866823717453581,253949,"{""alpha"": 0.0014763330001828301, ""conv_filters"": 24, ""dense_units"": 32, ""initial_lr"": 0.0001866823717453581}",COMPLETE
82,0.7944250702857971,2026-09-07 15:12:05.861586,2026-09-07 15:12:29.525057,0 days 00:00:23.663471,0.013900712672989406,16,32,0.00025248550336818236,169365,"{""alpha"": 0.013900712672989406, ""conv_filters"": 16, ""dense_units"": 32, ""initial_lr"": 0.00025248550336818236}",COMPLETE
83,0.4851916432380676,2026-09-07 15:12:29.525566,2026-09-07 15:12:47.470146,0 days 00:00:17.944580,0.006688899707356166,16,32,0.0015389046300004466,169365,"{""alpha"": 0.006688899707356166, ""conv_filters"": 16, ""dense_units"": 32, ""initial_lr"": 0.0015389046300004466}",COMPLETE
84,0.8127177953720093,2026-09-07 15:12:47.470690,2026-09-07 15:13:10.455391,0 days 00:00:22.984701,0.005676993189507971,16,32,0.0002952143559093198,169365,"{""alpha"": 0.005676993189507971, ""conv_filters"": 16, ""dense_units"": 32, ""initial_lr"": 0.0002952143559093198}",COMPLETE
85,0.7439024448394775,2026-09-07 15:13:10.455916,2026-09-07 15:13:40.393932,0 days 00:00:29.938016,0.005461247206961903,16,32,0.000451772761702631,169365,"{""alpha"": 0.005461247206961903, ""conv_filters"": 16, ""dense_units"": 32, ""initial_lr"": 0.000451772761702631}",COMPLETE
86,0.7970383167266846,2026-09-07 15:13:40.394457,2026-09-07 15:14:28.289852,0 days 00:00:47.895395,0.0021918664792481106,32,32,0.00010645657204453223,338533,"{""alpha"": 0.0021918664792481106, ""conv_filters"": 32, ""dense_units"": 32, ""initial_lr"": 0.00010645657204453223}",COMPLETE
87,0.8040069937705994,2026-09-07 15:14:28.290359,2026-09-07 15:14:58.202912,0 days 00:00:29.912553,0.005627912910049533,16,32,0.0003567292544177539,169365,"{""alpha"": 0.005627912910049533, ""conv_filters"": 16, ""dense_units"": 32, ""initial_lr"": 0.0003567292544177539}",COMPLETE
88,0.7621951103210449,2026-09-07 15:14:58.203447,2026-09-07 15:15:23.426985,0 days 00:00:25.223538,0.004620847018593789,16,16,0.00012498741933274706,84789,"{""alpha"": 0.004620847018593789, ""conv_filters"": 16, ""dense_units"": 16, ""initial_lr"": 0.00012498741933274706}",COMPLETE
89,0.7979093790054321,2026-09-07 15:15:23.427533,2026-09-07 15:15:57.763077,0 days 00:00:34.335544,0.0024086265275180575,24,32,0.0002506884942525016,253949,"{""alpha"": 0.0024086265275180575, ""conv_filters"": 24, ""dense_units"": 32, ""initial_lr"": 0.0002506884942525016}",COMPLETE
90,0.7952961921691895,2026-09-07 15:15:57.763581,2026-09-07 15:16:35.195394,0 days 00:00:37.431813,0.003041115088592051,24,32,0.00032002871681653655,253949,"{""alpha"": 0.003041115088592051, ""conv_filters"": 24, ""dense_units"": 32, ""initial_lr"": 0.00032002871681653655}",COMPLETE
91,0.792682945728302,2026-09-07 15:16:35.195954,2026-09-07 15:17:05.733135,0 days 00:00:30.537181,0.007453846976196897,16,32,0.00011712881188543262,169365,"{""alpha"": 0.007453846976196897, ""conv_filters"": 16, ""dense_units"": 32, ""initial_lr"": 0.00011712881188543262}",COMPLETE
92,0.8013937473297119,2026-09-07 15:17:05.735408,2026-09-07 15:17:36.857333,0 days 00:00:31.121925,0.0065016514435271375,16,32,0.00027369688868319315,169365,"{""alpha"": 0.0065016514435271375, ""conv_filters"": 16, ""dense_units"": 32, ""initial_lr"": 0.00027369688868319315}",COMPLETE
93,0.7787456512451172,2026-09-07 15:17:36.857876,2026-09-07 15:17:58.680380,0 days 00:00:21.822504,0.0057857119844707625,16,32,0.00020467202444487528,169365,"{""alpha"": 0.0057857119844707625, ""conv_filters"": 16, ""dense_units"": 32, ""initial_lr"": 0.00020467202444487528}",COMPLETE
94,0.7952961921691895,2026-09-07 15:17:58.681525,2026-09-07 15:18:29.180432,0 days 00:00:30.498907,0.008691908357031757,16,32,0.00029869085171151967,169365,"{""alpha"": 0.008691908357031757, ""conv_filters"": 16, ""dense_units"": 32, ""initial_lr"": 0.00029869085171151967}",COMPLETE
95,0.7055749297142029,2026-09-07 15:18:29.180929,2026-09-07 15:19:58.868569,0 days 00:01:29.687640,0.006357339240739472,64,32,0.0002375923393998619,676869,"{""alpha"": 0.006357339240739472, ""conv_filters"": 64, ""dense_units"": 32, ""initial_lr"": 0.0002375923393998619}",COMPLETE
96,0.8013937473297119,2026-09-07 15:19:58.869121,2026-09-07 15:20:29.431368,0 days 00:00:30.562247,0.0071337256746168975,16,32,0.00016896608832672063,169365,"{""alpha"": 0.0071337256746168975, ""conv_filters"": 16, ""dense_units"": 32, ""initial_lr"": 0.00016896608832672063}",COMPLETE
97,0.8057491183280945,2026-09-07 15:20:29.431867,2026-09-07 15:21:17.469293,0 days 00:00:48.037426,0.005705048405066685,32,32,0.00011334361297897855,338533,"{""alpha"": 0.005705048405066685, ""conv_filters"": 32, ""dense_units"": 32, ""initial_lr"": 0.00011334361297897855}",COMPLETE
98,0.7987805008888245,2026-09-07 15:21:17.469835,2026-09-07 15:21:57.648854,0 days 00:00:40.179019,0.0022636860931778513,24,32,0.00012023969275040935,253949,"{""alpha"": 0.0022636860931778513, ""conv_filters"": 24, ""dense_units"": 32, ""initial_lr"": 0.00012023969275040935}",COMPLETE
99,0.7735191583633423,2026-09-07 15:21:57.649339,2026-09-07 15:22:28.045342,0 days 00:00:30.396003,0.003261671766732483,16,32,0.00010106300933883559,169365,"{""alpha"": 0.003261671766732483, ""conv_filters"": 16, ""dense_units"": 32, ""initial_lr"": 0.00010106300933883559}",COMPLETE
100,0.6428571343421936,2026-09-07 15:22:28.045869,2026-09-07 15:22:50.617247,0 days 00:00:22.571378,0.0036749356466993545,16,32,0.0005431459753630569,169365,"{""alpha"": 0.0036749356466993545, ""conv_filters"": 16, ""dense_units"": 32, ""initial_lr"": 0.0005431459753630569}",COMPLETE
101,0.799651563167572,2026-09-07 15:22:50.617788,2026-09-07 15:23:20.939320,0 days 00:00:30.321532,0.003443015560355414,16,32,0.0004544290985167774,169365,"{""alpha"": 0.003443015560355414, ""conv_filters"": 16, ""dense_units"": 32, ""initial_lr"": 0.0004544290985167774}",COMPLETE
102,0.8118466734886169,2026-09-07 15:23:20.940006,2026-09-07 15:24:08.978288,0 days 00:00:48.038282,0.0019768653607213547,32,32,0.0003296845957737162,338533,"{""alpha"": 0.0019768653607213547, ""conv_filters"": 32, ""dense_units"": 32, ""initial_lr"": 0.0003296845957737162}",COMPLETE
103,0.7761324048042297,2026-09-07 15:24:08.978813,2026-09-07 15:24:41.134074,0 days 00:00:32.155261,0.002015592180283909,32,32,0.0003116628034008856,338533,"{""alpha"": 0.002015592180283909, ""conv_filters"": 32, ""dense_units"": 32, ""initial_lr"": 0.0003116628034008856}",COMPLETE
104,0.7909407615661621,2026-09-07 15:24:41.135101,2026-09-07 15:25:17.358239,0 days 00:00:36.223138,0.0027663384948644334,24,32,0.00016757631771846515,253949,"{""alpha"": 0.0027663384948644334, ""conv_filters"": 24, ""dense_units"": 32, ""initial_lr"": 0.00016757631771846515}",COMPLETE
105,0.8005226254463196,2026-09-07 15:25:17.358804,2026-09-07 15:25:47.738497,0 days 00:00:30.379693,0.019728436447605996,16,32,0.00019046344973779365,169365,"{""alpha"": 0.019728436447605996, ""conv_filters"": 16, ""dense_units"": 32, ""initial_lr"": 0.00019046344973779365}",COMPLETE
106,0.7952961921691895,2026-09-07 15:25:47.738993,2026-09-07 15:26:12.349384,0 days 00:00:24.610391,0.009528763600140884,16,32,0.00015924910818039005,169365,"{""alpha"": 0.009528763600140884, ""conv_filters"": 16, ""dense_units"": 32, ""initial_lr"": 0.00015924910818039005}",COMPLETE
107,0.6324042081832886,2026-09-07 15:26:12.349959,2026-09-07 15:26:47.178139,0 days 00:00:34.828180,0.0022574281342089466,24,8,0.0002131834429092273,63725,"{""alpha"": 0.0022574281342089466, ""conv_filters"": 24, ""dense_units"": 8, ""initial_lr"": 0.0002131834429092273}",COMPLETE
108,0.8092334270477295,2026-09-07 15:26:47.178669,2026-09-07 15:27:27.187856,0 days 00:00:40.009187,0.001627499092307383,24,32,0.0002188589135335018,253949,"{""alpha"": 0.001627499092307383, ""conv_filters"": 24, ""dense_units"": 32, ""initial_lr"": 0.0002188589135335018}",COMPLETE
109,0.8013937473297119,2026-09-07 15:27:27.188390,2026-09-07 15:28:04.801551,0 days 00:00:37.613161,0.0017903052242078787,24,32,0.00014683218933732363,253949,"{""alpha"": 0.0017903052242078787, ""conv_filters"": 24, ""dense_units"": 32, ""initial_lr"": 0.00014683218933732363}",COMPLETE
110,0.7865853905677795,2026-09-07 15:28:04.802086,2026-09-07 15:28:45.335169,0 days 00:00:40.533083,0.0019040179637657341,24,32,0.0002650216578348833,253949,"{""alpha"": 0.0019040179637657341, ""conv_filters"": 24, ""dense_units"": 32, ""initial_lr"": 0.0002650216578348833}",COMPLETE
111,0.7813588976860046,2026-09-07 15:28:45.335697,2026-09-07 15:29:15.964500,0 days 00:00:30.628803,0.0062434741541627,16,32,0.000131679146517156,169365,"{""alpha"": 0.0062434741541627, ""conv_filters"": 16, ""dense_units"": 32, ""initial_lr"": 0.000131679146517156}",COMPLETE
112,0.8162021040916443,2026-09-07 15:29:15.965016,2026-09-07 15:29:46.457858,0 days 00:00:30.492842,0.008553974372482679,16,32,0.0004002408038269443,169365,"{""alpha"": 0.008553974372482679, ""conv_filters"": 16, ""dense_units"": 32, ""initial_lr"": 0.0004002408038269443}",COMPLETE
113,0.8013937473297119,2026-09-07 15:29:46.458378,2026-09-07 15:30:25.724327,0 days 00:00:39.265949,0.0013690964426102403,24,32,0.00022254430133346193,253949,"{""alpha"": 0.0013690964426102403, ""conv_filters"": 24, ""dense_units"": 32, ""initial_lr"": 0.00022254430133346193}",COMPLETE
114,0.7630661725997925,2026-09-07 15:30:25.724877,2026-09-07 15:30:49.765536,0 days 00:00:24.040659,0.0032615783204881423,16,32,0.0003671221437324127,169365,"{""alpha"": 0.0032615783204881423, ""conv_filters"": 16, ""dense_units"": 32, ""initial_lr"": 0.0003671221437324127}",COMPLETE
115,0.7770034670829773,2026-09-07 15:30:49.767478,2026-09-07 15:31:38.021789,0 days 00:00:48.254311,0.0012340087519487892,32,32,0.00031729552102581916,338533,"{""alpha"": 0.0012340087519487892, ""conv_filters"": 32, ""dense_units"": 32, ""initial_lr"": 0.00031729552102581916}",COMPLETE
116,0.7918118238449097,2026-09-07 15:31:38.022327,2026-09-07 15:32:18.278991,0 days 00:00:40.256664,0.008145684047512513,24,32,0.00022508818676277294,253949,"{""alpha"": 0.008145684047512513, ""conv_filters"": 24, ""dense_units"": 32, ""initial_lr"": 0.00022508818676277294}",COMPLETE
117,0.7952961921691895,2026-09-07 15:32:18.279521,2026-09-07 15:32:58.379895,0 days 00:00:40.100374,0.005112821645432173,24,32,0.0002946294027531292,253949,"{""alpha"": 0.005112821645432173, ""conv_filters"": 24, ""dense_units"": 32, ""initial_lr"": 0.0002946294027531292}",COMPLETE
118,0.8013937473297119,2026-09-07 15:32:58.380468,2026-09-07 15:33:46.238594,0 days 00:00:47.858126,0.004201894723839702,32,32,0.00013640422596894868,338533,"{""alpha"": 0.004201894723839702, ""conv_filters"": 32, ""dense_units"": 32, ""initial_lr"": 0.00013640422596894868}",COMPLETE
119,0.8101045489311218,2026-09-07 15:33:46.239112,2026-09-07 15:34:33.979257,0 days 00:00:47.740145,0.0021258776000177373,32,64,0.00037677533027315576,158501,"{""alpha"": 0.0021258776000177373, ""conv_filters"": 32, ""dense_units"": 64, ""initial_lr"": 0.00037677533027315576}",COMPLETE
120,0.7822299599647522,2026-09-07 15:34:33.979973,2026-09-07 15:35:21.233229,0 days 00:00:47.253256,0.0017439754635897172,32,64,0.0004384746399811293,158501,"{""alpha"": 0.0017439754635897172, ""conv_filters"": 32, ""dense_units"": 64, ""initial_lr"": 0.0004384746399811293}",COMPLETE
121,0.7883275151252747,2026-09-07 15:35:21.233745,2026-09-07 15:35:44.789562,0 days 00:00:23.555817,0.006991957681592445,16,32,0.0003963756855665249,169365,"{""alpha"": 0.006991957681592445, ""conv_filters"": 16, ""dense_units"": 32, ""initial_lr"": 0.0003963756855665249}",COMPLETE
122,0.796167254447937,2026-09-07 15:35:44.790088,2026-09-07 15:36:07.025175,0 days 00:00:22.235087,0.004399154888204376,16,32,0.0004898034269419641,169365,"{""alpha"": 0.004399154888204376, ""conv_filters"": 16, ""dense_units"": 32, ""initial_lr"": 0.0004898034269419641}",COMPLETE
123,0.7909407615661621,2026-09-07 15:36:07.025698,2026-09-07 15:36:34.394967,0 days 00:00:27.369269,0.009197331787879315,16,32,0.00036163061568492984,169365,"{""alpha"": 0.009197331787879315, ""conv_filters"": 16, ""dense_units"": 32, ""initial_lr"": 0.00036163061568492984}",COMPLETE
124,0.7874564528465271,2026-09-07 15:36:34.396014,2026-09-07 15:37:04.995024,0 days 00:00:30.599010,0.005011885188135641,16,32,0.0002701511635083267,169365,"{""alpha"": 0.005011885188135641, ""conv_filters"": 16, ""dense_units"": 32, ""initial_lr"": 0.0002701511635083267}",COMPLETE
125,0.75,2026-09-07 15:37:04.995582,2026-09-07 15:37:53.022722,0 days 00:00:48.027140,0.0022640850493807455,32,32,0.0004177781992423794,338533,"{""alpha"": 0.0022640850493807455, ""conv_filters"": 32, ""dense_units"": 32, ""initial_lr"": 0.0004177781992423794}",COMPLETE
126,0.8101045489311218,2026-09-07 15:37:53.023292,2026-09-07 15:38:16.043683,0 days 00:00:23.020391,0.004748749119389855,16,32,0.0003161711857453135,169365,"{""alpha"": 0.004748749119389855, ""conv_filters"": 16, ""dense_units"": 32, ""initial_lr"": 0.0003161711857453135}",COMPLETE
127,0.5235191583633423,2026-09-07 15:38:16.044240,2026-09-07 15:38:23.650881,0 days 00:00:07.606641,0.0049691069321938786,16,32,0.0003186441554683234,169365,"{""alpha"": 0.0049691069321938786, ""conv_filters"": 16, ""dense_units"": 32, ""initial_lr"": 0.0003186441554683234}",COMPLETE
128,0.7839721441268921,2026-09-07 15:38:23.651425,2026-09-07 15:38:53.921193,0 days 00:00:30.269768,0.004303597167159266,16,48,0.0002987151039486677,59637,"{""alpha"": 0.004303597167159266, ""conv_filters"": 16, ""dense_units"": 48, ""initial_lr"": 0.0002987151039486677}",COMPLETE
129,0.7865853905677795,2026-09-07 15:38:53.921729,2026-09-07 15:39:41.183183,0 days 00:00:47.261454,0.0013638505144436379,32,64,0.00038753317487681834,158501,"{""alpha"": 0.0013638505144436379, ""conv_filters"": 32, ""dense_units"": 64, ""initial_lr"": 0.00038753317487681834}",COMPLETE
130,0.7952961921691895,2026-09-07 15:39:41.183756,2026-09-07 15:40:23.580819,0 days 00:00:42.397063,0.001919376742700365,32,64,0.00034694885172413515,158501,"{""alpha"": 0.001919376742700365, ""conv_filters"": 32, ""dense_units"": 64, ""initial_lr"": 0.00034694885172413515}",COMPLETE
131,0.8092334270477295,2026-09-07 15:40:23.581394,2026-09-07 15:41:10.788638,0 days 00:00:47.207244,0.0028556315465476443,32,64,0.00038370484273912687,158501,"{""alpha"": 0.0028556315465476443, ""conv_filters"": 32, ""dense_units"": 64, ""initial_lr"": 0.00038370484273912687}",COMPLETE
132,0.7883275151252747,2026-09-07 15:41:10.789624,2026-09-07 15:41:35.788450,0 days 00:00:24.998826,0.013262935090273828,16,32,0.0006117169176131007,169365,"{""alpha"": 0.013262935090273828, ""conv_filters"": 16, ""dense_units"": 32, ""initial_lr"": 0.0006117169176131007}",COMPLETE
133,0.5470383167266846,2026-09-07 15:41:35.788972,2026-09-07 15:42:10.468432,0 days 00:00:34.679460,0.0038531257736786804,48,32,0.0003137503230242565,507701,"{""alpha"": 0.0038531257736786804, ""conv_filters"": 48, ""dense_units"": 32, ""initial_lr"": 0.0003137503230242565}",COMPLETE
134,0.7203832864761353,2026-09-07 15:42:10.468991,2026-09-07 15:42:34.832842,0 days 00:00:24.363851,0.0062830873113513775,16,16,0.00031939702117364294,84789,"{""alpha"": 0.0062830873113513775, ""conv_filters"": 16, ""dense_units"": 16, ""initial_lr"": 0.00031939702117364294}",COMPLETE
135,0.4477351903915405,2026-09-07 15:42:34.833446,2026-09-07 15:42:43.124860,0 days 00:00:08.291414,0.006181059329167933,16,32,0.0006161038944793752,169365,"{""alpha"": 0.006181059329167933, ""conv_filters"": 16, ""dense_units"": 32, ""initial_lr"": 0.0006161038944793752}",COMPLETE
136,0.7909407615661621,2026-09-07 15:42:43.125470,2026-09-07 15:43:15.103602,0 days 00:00:31.978132,0.0013637579693394682,24,32,0.00026416515558548044,253949,"{""alpha"": 0.0013637579693394682, ""conv_filters"": 24, ""dense_units"": 32, ""initial_lr"": 0.00026416515558548044}",COMPLETE
137,0.8092334270477295,2026-09-07 15:43:15.104106,2026-09-07 15:43:55.275459,0 days 00:00:40.171353,0.0030224017463317382,24,32,0.0002247317663469681,253949,"{""alpha"": 0.0030224017463317382, ""conv_filters"": 24, ""dense_units"": 32, ""initial_lr"": 0.0002247317663469681}",COMPLETE
138,0.7560975551605225,2026-09-07 15:43:55.275989,2026-09-07 15:44:14.233420,0 days 00:00:18.957431,0.009830869313037364,16,32,0.0005474856806175914,169365,"{""alpha"": 0.009830869313037364, ""conv_filters"": 16, ""dense_units"": 32, ""initial_lr"": 0.0005474856806175914}",COMPLETE
139,0.799651563167572,2026-09-07 15:44:14.233956,2026-09-07 15:44:44.684181,0 days 00:00:30.450225,0.012994873085258348,16,32,0.00034288368683469805,169365,"{""alpha"": 0.012994873085258348, ""conv_filters"": 16, ""dense_units"": 32, ""initial_lr"": 0.00034288368683469805}",COMPLETE
140,0.7883275151252747,2026-09-07 15:44:44.684785,2026-09-07 15:45:22.235373,0 days 00:00:37.550588,0.0017606619276320787,24,32,0.00041528823278003845,253949,"{""alpha"": 0.0017606619276320787, ""conv_filters"": 24, ""dense_units"": 32, ""initial_lr"": 0.00041528823278003845}",COMPLETE
141,0.8127177953720093,2026-09-07 15:45:22.235958,2026-09-07 15:46:02.820220,0 days 00:00:40.584262,0.002904037754749394,24,32,0.000260919634053186,253949,"{""alpha"": 0.002904037754749394, ""conv_filters"": 24, ""dense_units"": 32, ""initial_lr"": 0.000260919634053186}",COMPLETE
142,0.7116724848747253,2026-09-07 15:46:02.821132,2026-09-07 15:46:19.132340,0 days 00:00:16.311208,0.0028948948011672786,16,32,0.0007813369894072389,169365,"{""alpha"": 0.0028948948011672786, ""conv_filters"": 16, ""dense_units"": 32, ""initial_lr"": 0.0007813369894072389}",COMPLETE
143,0.8005226254463196,2026-09-07 15:46:19.132915,2026-09-07 15:47:06.553232,0 days 00:00:47.420317,0.002294387321255845,32,64,0.0002693958690089432,158501,"{""alpha"": 0.002294387321255845, ""conv_filters"": 32, ""dense_units"": 64, ""initial_lr"": 0.0002693958690089432}",COMPLETE
144,0.8179442286491394,2026-09-07 15:47:06.553779,2026-09-07 15:47:33.325302,0 days 00:00:26.771523,0.0034651236440646272,16,32,0.00015605791634759164,169365,"{""alpha"": 0.0034651236440646272, ""conv_filters"": 16, ""dense_units"": 32, ""initial_lr"": 0.00015605791634759164}",COMPLETE
145,0.8040069937705994,2026-09-07 15:47:33.325877,2026-09-07 15:48:21.344877,0 days 00:00:48.019000,0.003726892018114682,32,32,0.0001087832221867601,338533,"{""alpha"": 0.003726892018114682, ""conv_filters"": 32, ""dense_units"": 32, ""initial_lr"": 0.0001087832221867601}",COMPLETE
146,0.8179442286491394,2026-09-07 15:48:21.345478,2026-09-07 15:49:02.043701,0 days 00:00:40.698223,0.004770982963186031,24,32,0.00011977921361070397,253949,"{""alpha"": 0.004770982963186031, ""conv_filters"": 24, ""dense_units"": 32, ""initial_lr"": 0.00011977921361070397}",COMPLETE
147,0.799651563167572,2026-09-07 15:49:02.044342,2026-09-07 15:49:32.668872,0 days 00:00:30.624530,0.004163735406467331,16,32,0.00015265563207381432,169365,"{""alpha"": 0.004163735406467331, ""conv_filters"": 16, ""dense_units"": 32, ""initial_lr"": 0.00015265563207381432}",COMPLETE
148,0.799651563167572,2026-09-07 15:49:32.669437,2026-09-07 15:50:13.145899,0 days 00:00:40.476462,0.006639566319177633,24,32,0.00010088949974327002,253949,"{""alpha"": 0.006639566319177633, ""conv_filters"": 24, ""dense_units"": 32, ""initial_lr"": 0.00010088949974327002}",COMPLETE
149,0.8109756112098694,2026-09-07 15:50:13.146445,2026-09-07 15:51:00.792233,0 days 00:00:47.645788,0.002321938369462738,32,64,0.0003477828399060189,158501,"{""alpha"": 0.002321938369462738, ""conv_filters"": 32, ""dense_units"": 64, ""initial_lr"": 0.0003477828399060189}",COMPLETE
150,0.8144599199295044,2026-09-07 15:51:00.792913,2026-09-07 15:51:41.234604,0 days 00:00:40.441691,0.0035822413975580155,24,32,0.00015334602239821477,253949,"{""alpha"": 0.0035822413975580155, ""conv_filters"": 24, ""dense_units"": 32, ""initial_lr"": 0.00015334602239821477}",COMPLETE
151,0.815330982208252,2026-09-07 15:51:41.235181,2026-09-07 15:52:21.884680,0 days 00:00:40.649499,0.004255756453772824,24,32,0.00010000126721943546,253949,"{""alpha"": 0.004255756453772824, ""conv_filters"": 24, ""dense_units"": 32, ""initial_lr"": 0.00010000126721943546}",COMPLETE
152,0.7543553709983826,2026-09-07 15:52:21.885276,2026-09-07 15:52:51.677712,0 days 00:00:29.792436,0.004550268941066015,16,32,0.001083412390165228,169365,"{""alpha"": 0.004550268941066015, ""conv_filters"": 16, ""dense_units"": 32, ""initial_lr"": 0.001083412390165228}",COMPLETE
153,0.7630661725997925,2026-09-07 15:52:51.678244,2026-09-07 15:53:22.549311,0 days 00:00:30.871067,0.005533288713481323,16,32,0.0009329774998109728,169365,"{""alpha"": 0.005533288713481323, ""conv_filters"": 16, ""dense_units"": 32, ""initial_lr"": 0.0009329774998109728}",COMPLETE
154,0.7918118238449097,2026-09-07 15:53:22.549848,2026-09-07 15:54:10.264542,0 days 00:00:47.714694,0.003794768838482925,24,32,0.00010234029758831377,253949,"{""alpha"": 0.003794768838482925, ""conv_filters"": 24, ""dense_units"": 32, ""initial_lr"": 0.00010234029758831377}",COMPLETE
155,0.8101045489311218,2026-09-07 15:54:10.266328,2026-09-07 15:54:50.760789,0 days 00:00:40.494461,0.0042646978393531335,24,32,0.00012406566347493027,253949,"{""alpha"": 0.0042646978393531335, ""conv_filters"": 24, ""dense_units"": 32, ""initial_lr"": 0.00012406566347493027}",COMPLETE
156,0.8013937473297119,2026-09-07 15:54:50.761349,2026-09-07 15:55:31.140793,0 days 00:00:40.379444,0.005131201242111992,24,32,0.00010002574796120471,253949,"{""alpha"": 0.005131201242111992, ""conv_filters"": 24, ""dense_units"": 32, ""initial_lr"": 0.00010002574796120471}",COMPLETE
157,0.8048780560493469,2026-09-07 15:55:31.141341,2026-09-07 15:56:18.579331,0 days 00:00:47.437990,0.00316068052545045,32,64,0.0002667497025064995,158501,"{""alpha"": 0.00316068052545045, ""conv_filters"": 32, ""dense_units"": 64, ""initial_lr"": 0.0002667497025064995}",COMPLETE
158,0.7909407615661621,2026-09-07 15:56:18.579890,2026-09-07 15:56:50.087313,0 days 00:00:31.507423,0.002366196988479519,24,32,0.00019055485254272612,253949,"{""alpha"": 0.002366196988479519, ""conv_filters"": 24, ""dense_units"": 32, ""initial_lr"": 0.00019055485254272612}",COMPLETE
159,0.7900696992874146,2026-09-07 15:56:50.087824,2026-09-07 15:57:14.373896,0 days 00:00:24.286072,0.005120353984084742,16,32,0.00011574356836335965,169365,"{""alpha"": 0.005120353984084742, ""conv_filters"": 16, ""dense_units"": 32, ""initial_lr"": 0.00011574356836335965}",COMPLETE
160,0.8005226254463196,2026-09-07 15:57:14.374454,2026-09-07 15:58:02.103964,0 days 00:00:47.729510,0.001736630595004216,32,64,0.00026237819438386514,158501,"{""alpha"": 0.001736630595004216, ""conv_filters"": 32, ""dense_units"": 64, ""initial_lr"": 0.00026237819438386514}",COMPLETE
161,0.7543553709983826,2026-09-07 15:58:02.104703,2026-09-07 15:58:38.325760,0 days 00:00:36.221057,0.002199755920977334,24,32,0.00016215773973449722,253949,"{""alpha"": 0.002199755920977334, ""conv_filters"": 24, ""dense_units"": 32, ""initial_lr"": 0.00016215773973449722}",COMPLETE
162,0.7717769742012024,2026-09-07 15:58:38.326291,2026-09-07 15:59:18.666072,0 days 00:00:40.339781,0.0033955962667233893,24,64,0.00011473121215602289,118973,"{""alpha"": 0.0033955962667233893, ""conv_filters"": 24, ""dense_units"": 64, ""initial_lr"": 0.00011473121215602289}",COMPLETE
163,0.7952961921691895,2026-09-07 15:59:18.666602,2026-09-07 15:59:59.111182,0 days 00:00:40.444580,0.0034589647477167207,24,32,0.0001387462568969217,253949,"{""alpha"": 0.0034589647477167207, ""conv_filters"": 24, ""dense_units"": 32, ""initial_lr"": 0.0001387462568969217}",COMPLETE
164,0.8188153505325317,2026-09-07 15:59:59.112047,2026-09-07 16:00:46.640074,0 days 00:00:47.528027,0.0023696462572531654,32,64,0.0003280592245290605,158501,"{""alpha"": 0.0023696462572531654, ""conv_filters"": 32, ""dense_units"": 64, ""initial_lr"": 0.0003280592245290605}",COMPLETE
165,0.815330982208252,2026-09-07 16:00:46.640669,2026-09-07 16:01:12.778034,0 days 00:00:26.137365,0.002093316500122963,16,32,0.00013961438033169432,169365,"{""alpha"": 0.002093316500122963, ""conv_filters"": 16, ""dense_units"": 32, ""initial_lr"": 0.00013961438033169432}",COMPLETE
166,0.815330982208252,2026-09-07 16:01:12.778590,2026-09-07 16:01:57.844008,0 days 00:00:45.065418,0.0024778944055020473,32,64,0.00034844749170089104,158501,"{""alpha"": 0.0024778944055020473, ""conv_filters"": 32, ""dense_units"": 64, ""initial_lr"": 0.00034844749170089104}",COMPLETE
167,0.4451219439506531,2026-09-07 16:01:57.844572,2026-09-07 16:02:38.007098,0 days 00:00:40.162526,0.002354651425428523,32,8,0.0003334828529421595,84949,"{""alpha"": 0.002354651425428523, ""conv_filters"": 32, ""dense_units"": 8, ""initial_lr"": 0.0003334828529421595}",COMPLETE
168,0.7726480960845947,2026-09-07 16:02:38.007731,2026-09-07 16:03:08.918736,0 days 00:00:30.911005,0.0017741659688066016,16,32,0.00016226555370646689,169365,"{""alpha"": 0.0017741659688066016, ""conv_filters"": 16, ""dense_units"": 32, ""initial_lr"": 0.00016226555370646689}",COMPLETE
169,0.7621951103210449,2026-09-07 16:03:08.919302,2026-09-07 16:03:49.512554,0 days 00:00:40.593252,0.004403201956159325,24,64,0.00010927072606806495,118973,"{""alpha"": 0.004403201956159325, ""conv_filters"": 24, ""dense_units"": 64, ""initial_lr"": 0.00010927072606806495}",COMPLETE
170,0.8118466734886169,2026-09-07 16:03:49.513177,2026-09-07 16:04:37.505284,0 days 00:00:47.992107,0.0027417374649363105,32,64,0.00032830453311943317,158501,"{""alpha"": 0.0027417374649363105, ""conv_filters"": 32, ""dense_units"": 64, ""initial_lr"": 0.00032830453311943317}",COMPLETE
171,0.8013937473297119,2026-09-07 16:04:37.505841,2026-09-07 16:05:25.258473,0 days 00:00:47.752632,0.0025543822384020485,32,64,0.0003070429270265715,158501,"{""alpha"": 0.0025543822384020485, ""conv_filters"": 32, ""dense_units"": 64, ""initial_lr"": 0.0003070429270265715}",COMPLETE
172,0.7369338274002075,2026-09-07 16:05:25.259095,2026-09-07 16:06:01.187272,0 days 00:00:35.928177,0.002511210061696135,24,16,0.0002952685571869854,127133,"{""alpha"": 0.002511210061696135, ""conv_filters"": 24, ""dense_units"": 16, ""initial_lr"": 0.0002952685571869854}",COMPLETE
173,0.7813588976860046,2026-09-07 16:06:01.189009,2026-09-07 16:06:41.940869,0 days 00:00:40.751860,0.005559260034839916,24,32,0.00012508353935590424,253949,"{""alpha"": 0.005559260034839916, ""conv_filters"": 24, ""dense_units"": 32, ""initial_lr"": 0.00012508353935590424}",COMPLETE
174,0.799651563167572,2026-09-07 16:06:41.941894,2026-09-07 16:07:29.949380,0 days 00:00:48.007486,0.0023022392879599764,32,64,0.00022005233456777825,158501,"{""alpha"": 0.0023022392879599764, ""conv_filters"": 32, ""dense_units"": 64, ""initial_lr"": 0.00022005233456777825}",COMPLETE
175,0.7900696992874146,2026-09-07 16:07:29.950300,2026-09-07 16:07:50.036650,0 days 00:00:20.086350,0.0029191605295654944,16,32,0.00026939216800019234,169365,"{""alpha"": 0.0029191605295654944, ""conv_filters"": 16, ""dense_units"": 32, ""initial_lr"": 0.00026939216800019234}",COMPLETE
176,0.792682945728302,2026-09-07 16:07:50.037187,2026-09-07 16:08:37.696317,0 days 00:00:47.659130,0.0037467927607666997,32,64,0.00034401657267596713,158501,"{""alpha"": 0.0037467927607666997, ""conv_filters"": 32, ""dense_units"": 64, ""initial_lr"": 0.00034401657267596713}",COMPLETE
177,0.7979093790054321,2026-09-07 16:08:37.696864,2026-09-07 16:09:08.543311,0 days 00:00:30.846447,0.0027139217172070683,16,32,0.00013343343877143617,169365,"{""alpha"": 0.0027139217172070683, ""conv_filters"": 16, ""dense_units"": 32, ""initial_lr"": 0.00013343343877143617}",COMPLETE
178,0.792682945728302,2026-09-07 16:09:08.543885,2026-09-07 16:09:56.216040,0 days 00:00:47.672155,0.0037543961853572297,32,64,0.0004240985695383314,158501,"{""alpha"": 0.0037543961853572297, ""conv_filters"": 32, ""dense_units"": 64, ""initial_lr"": 0.0004240985695383314}",COMPLETE
179,0.8040069937705994,2026-09-07 16:09:56.216584,2026-09-07 16:10:26.947542,0 days 00:00:30.730958,0.0012289711258526446,16,32,0.00015445842393573808,169365,"{""alpha"": 0.0012289711258526446, ""conv_filters"": 16, ""dense_units"": 32, ""initial_lr"": 0.00015445842393573808}",COMPLETE
180,0.8057491183280945,2026-09-07 16:10:26.948056,2026-09-07 16:10:55.022424,0 days 00:00:28.074368,0.002136762260477221,16,32,0.00020370160282158354,169365,"{""alpha"": 0.002136762260477221, ""conv_filters"": 16, ""dense_units"": 32, ""initial_lr"": 0.00020370160282158354}",COMPLETE
181,0.7761324048042297,2026-09-07 16:10:55.022962,2026-09-07 16:11:34.079398,0 days 00:00:39.056436,0.0031523022120045928,32,64,0.00033725212112943674,158501,"{""alpha"": 0.0031523022120045928, ""conv_filters"": 32, ""dense_units"": 64, ""initial_lr"": 0.00033725212112943674}",COMPLETE
182,0.7656794190406799,2026-09-07 16:11:34.080092,2026-09-07 16:12:04.936754,0 days 00:00:30.856662,0.002357267815902741,16,48,0.00012893376580109996,59637,"{""alpha"": 0.002357267815902741, ""conv_filters"": 16, ""dense_units"": 48, ""initial_lr"": 0.00012893376580109996}",COMPLETE
183,0.6768292784690857,2026-09-07 16:12:04.937281,2026-09-07 16:13:02.305893,0 days 00:00:57.368612,0.0036203594462152072,64,32,0.0001653758181224659,676869,"{""alpha"": 0.0036203594462152072, ""conv_filters"": 64, ""dense_units"": 32, ""initial_lr"": 0.0001653758181224659}",COMPLETE
184,0.8048780560493469,2026-09-07 16:13:02.306768,2026-09-07 16:13:42.939884,0 days 00:00:40.633116,0.00467288533751214,24,32,0.00018792800625322726,253949,"{""alpha"": 0.00467288533751214, ""conv_filters"": 24, ""dense_units"": 32, ""initial_lr"": 0.00018792800625322726}",COMPLETE
185,0.815330982208252,2026-09-07 16:13:42.940410,2026-09-07 16:14:22.790167,0 days 00:00:39.849757,0.006072404366095491,24,32,0.00018000301116577529,253949,"{""alpha"": 0.006072404366095491, ""conv_filters"": 24, ""dense_units"": 32, ""initial_lr"": 0.00018000301116577529}",COMPLETE
186,0.7891985774040222,2026-09-07 16:14:22.790698,2026-09-07 16:14:53.579506,0 days 00:00:30.788808,0.0019822689514207956,16,32,0.00012871023032998136,169365,"{""alpha"": 0.0019822689514207956, ""conv_filters"": 16, ""dense_units"": 32, ""initial_lr"": 0.00012871023032998136}",COMPLETE
187,0.8013937473297119,2026-09-07 16:14:53.580029,2026-09-07 16:15:41.077301,0 days 00:00:47.497272,0.0026104944359526985,32,64,0.00034579855654445047,158501,"{""alpha"": 0.0026104944359526985, ""conv_filters"": 32, ""dense_units"": 64, ""initial_lr"": 0.00034579855654445047}",COMPLETE
188,0.7543553709983826,2026-09-07 16:15:41.077796,2026-09-07 16:16:07.864275,0 days 00:00:26.786479,0.003350011807619767,16,16,0.00016656129632630265,84789,"{""alpha"": 0.003350011807619767, ""conv_filters"": 16, ""dense_units"": 16, ""initial_lr"": 0.00016656129632630265}",COMPLETE
189,0.8040069937705994,2026-09-07 16:16:07.864883,2026-09-07 16:16:55.212589,0 days 00:00:47.347706,0.004149778449753572,32,64,0.00025215741910758455,158501,"{""alpha"": 0.004149778449753572, ""conv_filters"": 32, ""dense_units"": 64, ""initial_lr"": 0.00025215741910758455}",COMPLETE
190,0.47560974955558777,2026-09-07 16:16:55.213099,2026-09-07 16:17:24.258391,0 days 00:00:29.045292,0.0025553697256393633,48,32,0.0003313929911328268,507701,"{""alpha"": 0.0025553697256393633, ""conv_filters"": 48, ""dense_units"": 32, ""initial_lr"": 0.0003313929911328268}",COMPLETE
191,0.792682945728302,2026-09-07 16:17:24.259047,2026-09-07 16:17:58.601313,0 days 00:00:34.342266,0.0021748716390246653,32,64,0.0004540955106263334,158501,"{""alpha"": 0.0021748716390246653, ""conv_filters"": 32, ""dense_units"": 64, ""initial_lr"": 0.0004540955106263334}",COMPLETE
192,0.799651563167572,2026-09-07 16:17:58.601809,2026-09-07 16:18:39.077077,0 days 00:00:40.475268,0.006638114081547694,24,32,0.0001873662765607576,253949,"{""alpha"": 0.006638114081547694, ""conv_filters"": 24, ""dense_units"": 32, ""initial_lr"": 0.0001873662765607576}",COMPLETE
193,0.8092334270477295,2026-09-07 16:18:39.077597,2026-09-07 16:19:09.378279,0 days 00:00:30.300682,0.004708693033603886,16,32,0.00013455196602792498,169365,"{""alpha"": 0.004708693033603886, ""conv_filters"": 16, ""dense_units"": 32, ""initial_lr"": 0.00013455196602792498}",COMPLETE
194,0.799651563167572,2026-09-07 16:19:09.379122,2026-09-07 16:19:39.942135,0 days 00:00:30.563013,0.009582530848751032,16,32,0.00026317973462419237,169365,"{""alpha"": 0.009582530848751032, ""conv_filters"": 16, ""dense_units"": 32, ""initial_lr"": 0.00026317973462419237}",COMPLETE
195,0.7552264928817749,2026-09-07 16:19:39.942680,2026-09-07 16:20:10.743171,0 days 00:00:30.800491,0.002896923795790981,16,48,0.00015888173907862557,59637,"{""alpha"": 0.002896923795790981, ""conv_filters"": 16, ""dense_units"": 48, ""initial_lr"": 0.00015888173907862557}",COMPLETE
196,0.8118466734886169,2026-09-07 16:20:10.743678,2026-09-07 16:20:51.314868,0 days 00:00:40.571190,0.007880676076738547,24,32,0.0001758901565189106,253949,"{""alpha"": 0.007880676076738547, ""conv_filters"": 24, ""dense_units"": 32, ""initial_lr"": 0.0001758901565189106}",COMPLETE
197,0.803135871887207,2026-09-07 16:20:51.315376,2026-09-07 16:21:22.469568,0 days 00:00:31.154192,0.0032286220791923697,16,32,0.00014379749455186388,169365,"{""alpha"": 0.0032286220791923697, ""conv_filters"": 16, ""dense_units"": 32, ""initial_lr"": 0.00014379749455186388}",COMPLETE
198,0.8057491183280945,2026-09-07 16:21:22.470187,2026-09-07 16:21:59.893722,0 days 00:00:37.423535,0.007363479153763481,24,32,0.00014241063023425377,253949,"{""alpha"": 0.007363479153763481, ""conv_filters"": 24, ""dense_units"": 32, ""initial_lr"": 0.00014241063023425377}",COMPLETE
199,0.7952961921691895,2026-09-07 16:21:59.894293,2026-09-07 16:22:41.364125,0 days 00:00:41.469832,0.0022084149733743574,24,32,0.0003097604284826848,253949,"{""alpha"": 0.0022084149733743574, ""conv_filters"": 24, ""dense_units"": 32, ""initial_lr"": 0.0003097604284826848}",COMPLETE
200,0.7813588976860046,2026-09-07 16:22:41.364657,2026-09-07 16:23:20.376559,0 days 00:00:39.011902,0.005654213189792486,24,64,0.0001972208613042527,118973,"{""alpha"": 0.005654213189792486, ""conv_filters"": 24, ""dense_units"": 64, ""initial_lr"": 0.0001972208613042527}",COMPLETE
201,0.8127177953720093,2026-09-07 16:23:20.378219,2026-09-07 16:24:09.538629,0 days 00:00:49.160410,0.0032501437738670495,32,32,0.0001778703274747353,338533,"{""alpha"": 0.0032501437738670495, ""conv_filters"": 32, ""dense_units"": 32, ""initial_lr"": 0.0001778703274747353}",COMPLETE
202,0.796167254447937,2026-09-07 16:24:09.539219,2026-09-07 16:24:36.088997,0 days 00:00:26.549778,0.005601550958003869,24,32,0.0001693603581375118,253949,"{""alpha"": 0.005601550958003869, ""conv_filters"": 24, ""dense_units"": 32, ""initial_lr"": 0.0001693603581375118}",COMPLETE
203,0.7987805008888245,2026-09-07 16:24:36.089582,2026-09-07 16:25:07.008639,0 days 00:00:30.919057,0.002355140914700514,16,32,0.00014922299017341918,169365,"{""alpha"": 0.002355140914700514, ""conv_filters"": 16, ""dense_units"": 32, ""initial_lr"": 0.00014922299017341918}",COMPLETE
204,0.7081881761550903,2026-09-07 16:25:07.009162,2026-09-07 16:25:55.297186,0 days 00:00:48.288024,0.004076000272570163,32,32,0.00020612347858281352,338533,"{""alpha"": 0.004076000272570163, ""conv_filters"": 32, ""dense_units"": 32, ""initial_lr"": 0.00020612347858281352}",COMPLETE
205,0.806620180606842,2026-09-07 16:25:55.297760,2026-09-07 16:26:27.948514,0 days 00:00:32.650754,0.005144813879963874,24,32,0.00023074413134934444,253949,"{""alpha"": 0.005144813879963874, ""conv_filters"": 24, ""dense_units"": 32, ""initial_lr"": 0.00023074413134934444}",COMPLETE
206,0.796167254447937,2026-09-07 16:26:27.949018,2026-09-07 16:27:08.550704,0 days 00:00:40.601686,0.00886049690264986,24,32,0.00017665876848742718,253949,"{""alpha"": 0.00886049690264986, ""conv_filters"": 24, ""dense_units"": 32, ""initial_lr"": 0.00017665876848742718}",COMPLETE
207,0.792682945728302,2026-09-07 16:27:08.551209,2026-09-07 16:27:39.337787,0 days 00:00:30.786578,0.008874733939961722,16,32,0.00023404922218546182,169365,"{""alpha"": 0.008874733939961722, ""conv_filters"": 16, ""dense_units"": 32, ""initial_lr"": 0.00023404922218546182}",COMPLETE
208,0.8074913024902344,2026-09-07 16:27:39.338322,2026-09-07 16:28:09.751760,0 days 00:00:30.413438,0.0031395262710246083,16,32,0.0001802463335283638,169365,"{""alpha"": 0.0031395262710246083, ""conv_filters"": 16, ""dense_units"": 32, ""initial_lr"": 0.0001802463335283638}",COMPLETE
209,0.7944250702857971,2026-09-07 16:28:09.752289,2026-09-07 16:28:50.195032,0 days 00:00:40.442743,0.004179873350457787,24,32,0.00016109106613533536,253949,"{""alpha"": 0.004179873350457787, ""conv_filters"": 24, ""dense_units"": 32, ""initial_lr"": 0.00016109106613533536}",COMPLETE
210,0.7822299599647522,2026-09-07 16:28:50.195575,2026-09-07 16:29:19.615503,0 days 00:00:29.419928,0.004604249594269973,16,32,0.00193188570516592,169365,"{""alpha"": 0.004604249594269973, ""conv_filters"": 16, ""dense_units"": 32, ""initial_lr"": 0.00193188570516592}",COMPLETE
211,0.650696873664856,2026-09-07 16:29:19.616057,2026-09-07 16:30:06.789356,0 days 00:00:47.173299,0.0016689501688662602,32,32,0.0003364063282359587,338533,"{""alpha"": 0.0016689501688662602, ""conv_filters"": 32, ""dense_units"": 32, ""initial_lr"": 0.0003364063282359587}",COMPLETE
212,0.7952961921691895,2026-09-07 16:30:06.790296,2026-09-07 16:30:37.836266,0 days 00:00:31.045970,0.00428894989743596,16,32,0.00010925018909914087,169365,"{""alpha"": 0.00428894989743596, ""conv_filters"": 16, ""dense_units"": 32, ""initial_lr"": 0.00010925018909914087}",COMPLETE
213,0.7891985774040222,2026-09-07 16:30:37.836775,2026-09-07 16:32:03.386457,0 days 00:01:25.549682,0.002277403113144521,64,64,0.0003177357873283951,316613,"{""alpha"": 0.002277403113144521, ""conv_filters"": 64, ""dense_units"": 64, ""initial_lr"": 0.0003177357873283951}",COMPLETE
214,0.7909407615661621,2026-09-07 16:32:03.387199,2026-09-07 16:32:51.434869,0 days 00:00:48.047670,0.001854328279483115,32,64,0.00029826002661641546,158501,"{""alpha"": 0.001854328279483115, ""conv_filters"": 32, ""dense_units"": 64, ""initial_lr"": 0.00029826002661641546}",COMPLETE
215,0.7891985774040222,2026-09-07 16:32:51.435382,2026-09-07 16:33:39.188081,0 days 00:00:47.752699,0.0032777565843978285,32,64,0.00022632113932232712,158501,"{""alpha"": 0.0032777565843978285, ""conv_filters"": 32, ""dense_units"": 64, ""initial_lr"": 0.00022632113932232712}",COMPLETE
216,0.7935540080070496,2026-09-07 16:33:39.188652,2026-09-07 16:34:22.769990,0 days 00:00:43.581338,0.003588916515002567,32,32,0.0001803272286071954,338533,"{""alpha"": 0.003588916515002567, ""conv_filters"": 32, ""dense_units"": 32, ""initial_lr"": 0.0001803272286071954}",COMPLETE
217,0.5513937473297119,2026-09-07 16:34:22.770556,2026-09-07 16:35:03.857254,0 days 00:00:41.086698,0.0039039032359686147,32,16,0.0001229472937503012,169477,"{""alpha"": 0.0039039032359686147, ""conv_filters"": 32, ""dense_units"": 16, ""initial_lr"": 0.0001229472937503012}",COMPLETE
218,0.7752613425254822,2026-09-07 16:35:03.857772,2026-09-07 16:35:40.249458,0 days 00:00:36.391686,0.011578046391376419,24,32,0.00024241237170737962,253949,"{""alpha"": 0.011578046391376419, ""conv_filters"": 24, ""dense_units"": 32, ""initial_lr"": 0.00024241237170737962}",COMPLETE
219,0.796167254447937,2026-09-07 16:35:40.250219,2026-09-07 16:36:26.934204,0 days 00:00:46.683985,0.0025870327781801613,32,32,0.00022473614644365797,338533,"{""alpha"": 0.0025870327781801613, ""conv_filters"": 32, ""dense_units"": 32, ""initial_lr"": 0.00022473614644365797}",COMPLETE
220,0.803135871887207,2026-09-07 16:36:26.934706,2026-09-07 16:36:53.554308,0 days 00:00:26.619602,0.018070351200596246,16,32,0.00021999013691570323,169365,"{""alpha"": 0.018070351200596246, ""conv_filters"": 16, ""dense_units"": 32, ""initial_lr"": 0.00021999013691570323}",COMPLETE
221,0.8092334270477295,2026-09-07 16:36:53.556165,2026-09-07 16:37:40.173666,0 days 00:00:46.617501,0.003038103890358893,32,32,0.0002044469924591879,338533,"{""alpha"": 0.003038103890358893, ""conv_filters"": 32, ""dense_units"": 32, ""initial_lr"": 0.0002044469924591879}",COMPLETE
222,0.7987805008888245,2026-09-07 16:37:40.174212,2026-09-07 16:38:19.968223,0 days 00:00:39.794011,0.006040565018434255,24,32,0.0001421210896877465,253949,"{""alpha"": 0.006040565018434255, ""conv_filters"": 24, ""dense_units"": 32, ""initial_lr"": 0.0001421210896877465}",COMPLETE
223,0.7778745889663696,2026-09-07 16:38:19.968733,2026-09-07 16:38:51.769417,0 days 00:00:31.800684,0.009409968172752458,24,32,0.00020216964105897986,253949,"{""alpha"": 0.009409968172752458, ""conv_filters"": 24, ""dense_units"": 32, ""initial_lr"": 0.00020216964105897986}",COMPLETE
224,0.7987805008888245,2026-09-07 16:38:51.770001,2026-09-07 16:39:39.555159,0 days 00:00:47.785158,0.0022754403038812046,32,64,0.0003856765178044724,158501,"{""alpha"": 0.0022754403038812046, ""conv_filters"": 32, ""dense_units"": 64, ""initial_lr"": 0.0003856765178044724}",COMPLETE
225,0.7796167135238647,2026-09-07 16:39:39.555671,2026-09-07 16:40:20.691549,0 days 00:00:41.135878,0.0026141788971363023,24,32,0.00027790049100203794,253949,"{""alpha"": 0.0026141788971363023, ""conv_filters"": 24, ""dense_units"": 32, ""initial_lr"": 0.00027790049100203794}",COMPLETE
226,0.7247386574745178,2026-09-07 16:40:20.692062,2026-09-07 16:41:09.332404,0 days 00:00:48.640342,0.001839278916048916,32,32,0.0003994415800594305,338533,"{""alpha"": 0.001839278916048916, ""conv_filters"": 32, ""dense_units"": 32, ""initial_lr"": 0.0003994415800594305}",COMPLETE
227,0.8135888576507568,2026-09-07 16:41:09.334005,2026-09-07 16:41:40.558215,0 days 00:00:31.224210,0.016045054980670315,16,32,0.00029058063502218227,169365,"{""alpha"": 0.016045054980670315, ""conv_filters"": 16, ""dense_units"": 32, ""initial_lr"": 0.00029058063502218227}",COMPLETE
228,0.8057491183280945,2026-09-07 16:41:40.558747,2026-09-07 16:42:23.204953,0 days 00:00:42.646206,0.0028317088601825897,24,32,0.00019327441583364584,253949,"{""alpha"": 0.0028317088601825897, ""conv_filters"": 24, ""dense_units"": 32, ""initial_lr"": 0.00019327441583364584}",COMPLETE
229,0.7970383167266846,2026-09-07 16:42:23.205579,2026-09-07 16:42:45.216251,0 days 00:00:22.010672,0.02682777284127989,16,32,0.00024523340223859673,169365,"{""alpha"": 0.02682777284127989, ""conv_filters"": 16, ""dense_units"": 32, ""initial_lr"": 0.00024523340223859673}",COMPLETE
230,0.7900696992874146,2026-09-07 16:42:45.216816,2026-09-07 16:43:16.343931,0 days 00:00:31.127115,0.020410873834864972,16,32,0.00033742256817634103,169365,"{""alpha"": 0.020410873834864972, ""conv_filters"": 16, ""dense_units"": 32, ""initial_lr"": 0.00033742256817634103}",COMPLETE
231,0.8057491183280945,2026-09-07 16:43:16.344799,2026-09-07 16:43:57.805710,0 days 00:00:41.460911,0.0028287082651358287,24,32,0.00014793470566654523,253949,"{""alpha"": 0.0028287082651358287, ""conv_filters"": 24, ""dense_units"": 32, ""initial_lr"": 0.00014793470566654523}",COMPLETE
232,0.8074913024902344,2026-09-07 16:43:57.806222,2026-09-07 16:44:23.626250,0 days 00:00:25.820028,0.01491526744680948,16,32,0.00028666892749938357,169365,"{""alpha"": 0.01491526744680948, ""conv_filters"": 16, ""dense_units"": 32, ""initial_lr"": 0.00028666892749938357}",COMPLETE
233,0.799651563167572,2026-09-07 16:44:23.626824,2026-09-07 16:44:54.724609,0 days 00:00:31.097785,0.0016009597603852304,16,32,0.00010303963404231901,169365,"{""alpha"": 0.0016009597603852304, ""conv_filters"": 16, ""dense_units"": 32, ""initial_lr"": 0.00010303963404231901}",COMPLETE
234,0.6959930062294006,2026-09-07 16:44:54.725140,2026-09-07 16:45:29.370968,0 days 00:00:34.645828,0.00672887007533578,32,32,0.00044638222920493774,338533,"{""alpha"": 0.00672887007533578, ""conv_filters"": 32, ""dense_units"": 32, ""initial_lr"": 0.00044638222920493774}",COMPLETE
235,0.8101045489311218,2026-09-07 16:45:29.371507,2026-09-07 16:46:18.309781,0 days 00:00:48.938274,0.003491185353018867,32,32,0.000153691656581895,338533,"{""alpha"": 0.003491185353018867, ""conv_filters"": 32, ""dense_units"": 32, ""initial_lr"": 0.000153691656581895}",COMPLETE
236,0.7874564528465271,2026-09-07 16:46:18.310361,2026-09-07 16:46:59.040039,0 days 00:00:40.729678,0.010323371290915616,24,32,0.00014486519431967392,253949,"{""alpha"": 0.010323371290915616, ""conv_filters"": 24, ""dense_units"": 32, ""initial_lr"": 0.00014486519431967392}",COMPLETE
237,0.7691637873649597,2026-09-07 16:46:59.040563,2026-09-07 16:47:40.409129,0 days 00:00:41.368566,0.003371337669412774,24,32,0.00016518298833190673,253949,"{""alpha"": 0.003371337669412774, ""conv_filters"": 24, ""dense_units"": 32, ""initial_lr"": 0.00016518298833190673}",COMPLETE
238,0.7891985774040222,2026-09-07 16:47:40.409627,2026-09-07 16:48:28.584370,0 days 00:00:48.174743,0.0016440526543859766,32,64,0.0003713366112845168,158501,"{""alpha"": 0.0016440526543859766, ""conv_filters"": 32, ""dense_units"": 64, ""initial_lr"": 0.0003713366112845168}",COMPLETE
239,0.7909407615661621,2026-09-07 16:48:28.584987,2026-09-07 16:49:17.711952,0 days 00:00:49.126965,0.002495667734001022,32,32,0.00017694765037269108,338533,"{""alpha"": 0.002495667734001022, ""conv_filters"": 32, ""dense_units"": 32, ""initial_lr"": 0.00017694765037269108}",COMPLETE
240,0.8162021040916443,2026-09-07 16:49:17.713998,2026-09-07 16:49:58.808085,0 days 00:00:41.094087,0.002005738939390423,24,32,0.00021453462645322564,253949,"{""alpha"": 0.002005738939390423, ""conv_filters"": 24, ""dense_units"": 32, ""initial_lr"": 0.00021453462645322564}",COMPLETE
241,0.7761324048042297,2026-09-07 16:49:58.808619,2026-09-07 16:50:40.237156,0 days 00:00:41.428537,0.0019207086864988757,24,32,0.00021628312394785047,253949,"{""alpha"": 0.0019207086864988757, ""conv_filters"": 24, ""dense_units"": 32, ""initial_lr"": 0.00021628312394785047}",COMPLETE
242,0.8118466734886169,2026-09-07 16:50:40.237698,2026-09-07 16:51:21.324153,0 days 00:00:41.086455,0.01203710772101448,24,32,0.00017170718858983995,253949,"{""alpha"": 0.01203710772101448, ""conv_filters"": 24, ""dense_units"": 32, ""initial_lr"": 0.00017170718858983995}",COMPLETE
243,0.7735191583633423,2026-09-07 16:51:21.324704,2026-09-07 16:51:46.009290,0 days 00:00:24.684586,0.010903247300468601,16,32,0.0003008339001359437,169365,"{""alpha"": 0.010903247300468601, ""conv_filters"": 16, ""dense_units"": 32, ""initial_lr"": 0.0003008339001359437}",COMPLETE
244,0.792682945728302,2026-09-07 16:51:46.009825,2026-09-07 16:52:27.439219,0 days 00:00:41.429394,0.00820589635708547,24,32,0.0001572868711601822,253949,"{""alpha"": 0.00820589635708547, ""conv_filters"": 24, ""dense_units"": 32, ""initial_lr"": 0.0001572868711601822}",COMPLETE
245,0.7848432064056396,2026-09-07 16:52:27.439797,2026-09-07 16:53:08.845706,0 days 00:00:41.405909,0.0019854682783519784,24,48,0.0001828099237701829,89309,"{""alpha"": 0.0019854682783519784, ""conv_filters"": 24, ""dense_units"": 48, ""initial_lr"": 0.0001828099237701829}",COMPLETE
246,0.588850200176239,2026-09-07 16:53:08.846249,2026-09-07 16:53:36.189719,0 days 00:00:27.343470,0.004943022285686557,24,8,0.00011672690243479401,63725,"{""alpha"": 0.004943022285686557, ""conv_filters"": 24, ""dense_units"": 8, ""initial_lr"": 0.00011672690243479401}",COMPLETE
247,0.6768292784690857,2026-09-07 16:53:36.190643,2026-09-07 16:54:17.590452,0 days 00:00:41.399809,0.01206612991763319,24,32,0.00019650846872484455,253949,"{""alpha"": 0.01206612991763319, ""conv_filters"": 24, ""dense_units"": 32, ""initial_lr"": 0.00019650846872484455}",COMPLETE
248,0.7979093790054321,2026-09-07 16:54:17.590952,2026-09-07 16:55:06.622072,0 days 00:00:49.031120,0.014879459992406696,32,32,0.00017808788036231165,338533,"{""alpha"": 0.014879459992406696, ""conv_filters"": 32, ""dense_units"": 32, ""initial_lr"": 0.00017808788036231165}",COMPLETE
249,0.815330982208252,2026-09-07 16:55:06.622654,2026-09-07 16:55:47.778608,0 days 00:00:41.155954,0.006585461502605804,24,32,0.0001591084271082504,253949,"{""alpha"": 0.006585461502605804, ""conv_filters"": 24, ""dense_units"": 32, ""initial_lr"": 0.0001591084271082504}",COMPLETE
250,0.8092334270477295,2026-09-07 16:55:47.779173,2026-09-07 16:56:29.176189,0 days 00:00:41.397016,0.012639461576079229,24,32,0.0001693895096452254,253949,"{""alpha"": 0.012639461576079229, ""conv_filters"": 24, ""dense_units"": 32, ""initial_lr"": 0.0001693895096452254}",COMPLETE
251,0.8109756112098694,2026-09-07 16:56:29.176760,2026-09-07 16:57:10.627265,0 days 00:00:41.450505,0.006994683330548718,24,32,0.00016831769225753647,253949,"{""alpha"": 0.006994683330548718, ""conv_filters"": 24, ""dense_units"": 32, ""initial_lr"": 0.00016831769225753647}",COMPLETE
252,0.7918118238449097,2026-09-07 16:57:10.627811,2026-09-07 16:57:48.496904,0 days 00:00:37.869093,0.002307274675885067,24,32,0.00022545665415840444,253949,"{""alpha"": 0.002307274675885067, ""conv_filters"": 24, ""dense_units"": 32, ""initial_lr"": 0.00022545665415840444}",COMPLETE
253,0.5662021040916443,2026-09-07 16:57:48.497456,2026-09-07 16:58:02.185967,0 days 00:00:13.688511,0.0029924045220661977,32,8,0.00017399870196944172,84949,"{""alpha"": 0.0029924045220661977, ""conv_filters"": 32, ""dense_units"": 8, ""initial_lr"": 0.00017399870196944172}",COMPLETE
254,0.792682945728302,2026-09-07 16:58:02.186472,2026-09-07 16:58:41.365505,0 days 00:00:39.179033,0.002071151420437075,16,64,0.00014215826575167954,79445,"{""alpha"": 0.002071151420437075, ""conv_filters"": 16, ""dense_units"": 64, ""initial_lr"": 0.00014215826575167954}",COMPLETE
255,0.7656794190406799,2026-09-07 16:58:41.367137,2026-09-07 16:59:11.992812,0 days 00:00:30.625675,0.008075375133628585,24,8,0.00020265969511047628,63725,"{""alpha"": 0.008075375133628585, ""conv_filters"": 24, ""dense_units"": 8, ""initial_lr"": 0.00020265969511047628}",COMPLETE
256,0.7613240480422974,2026-09-07 16:59:11.993478,2026-09-07 16:59:58.095449,0 days 00:00:46.101971,0.00483077320217995,32,32,0.00012563250639173506,338533,"{""alpha"": 0.00483077320217995, ""conv_filters"": 32, ""dense_units"": 32, ""initial_lr"": 0.00012563250639173506}",COMPLETE
257,0.7900696992874146,2026-09-07 16:59:58.095958,2026-09-07 17:00:42.812893,0 days 00:00:44.716935,0.0025815630679063366,32,64,0.0004577790876086249,158501,"{""alpha"": 0.0025815630679063366, ""conv_filters"": 32, ""dense_units"": 64, ""initial_lr"": 0.0004577790876086249}",COMPLETE
258,0.803135871887207,2026-09-07 17:00:42.813411,2026-09-07 17:01:24.329082,0 days 00:00:41.515671,0.008844958086177298,24,32,0.0001158468178770508,253949,"{""alpha"": 0.008844958086177298, ""conv_filters"": 24, ""dense_units"": 32, ""initial_lr"": 0.0001158468178770508}",COMPLETE
259,0.799651563167572,2026-09-07 17:01:24.329667,2026-09-07 17:01:55.599380,0 days 00:00:31.269713,0.004016024765256396,16,32,0.0006787170410652437,169365,"{""alpha"": 0.004016024765256396, ""conv_filters"": 16, ""dense_units"": 32, ""initial_lr"": 0.0006787170410652437}",COMPLETE
260,0.8005226254463196,2026-09-07 17:01:55.599916,2026-09-07 17:02:21.452392,0 days 00:00:25.852476,0.018877116368500858,16,32,0.00029717355503089865,169365,"{""alpha"": 0.018877116368500858, ""conv_filters"": 16, ""dense_units"": 32, ""initial_lr"": 0.00029717355503089865}",COMPLETE
261,0.7822299599647522,2026-09-07 17:02:21.452933,2026-09-07 17:03:10.370412,0 days 00:00:48.917479,0.0023846173994254488,32,32,0.0002944668951487096,338533,"{""alpha"": 0.0023846173994254488, ""conv_filters"": 32, ""dense_units"": 32, ""initial_lr"": 0.0002944668951487096}",COMPLETE
262,0.8005226254463196,2026-09-07 17:03:10.371056,2026-09-07 17:03:51.287995,0 days 00:00:40.916939,0.013970047180736666,24,32,0.0001294449513542687,253949,"{""alpha"": 0.013970047180736666, ""conv_filters"": 24, ""dense_units"": 32, ""initial_lr"": 0.0001294449513542687}",COMPLETE
263,0.5060975551605225,2026-09-07 17:03:51.288534,2026-09-07 17:04:07.431701,0 days 00:00:16.143167,0.004673096709593526,24,8,0.00014900445746372857,63725,"{""alpha"": 0.004673096709593526, ""conv_filters"": 24, ""dense_units"": 8, ""initial_lr"": 0.00014900445746372857}",COMPLETE
264,0.7770034670829773,2026-09-07 17:04:07.432253,2026-09-07 17:04:38.877848,0 days 00:00:31.445595,0.0017216749328260238,16,48,0.00012082637290476902,59637,"{""alpha"": 0.0017216749328260238, ""conv_filters"": 16, ""dense_units"": 48, ""initial_lr"": 0.00012082637290476902}",COMPLETE
265,0.7831010222434998,2026-09-07 17:04:38.878369,2026-09-07 17:05:27.709127,0 days 00:00:48.830758,0.004861457129937457,32,32,0.00015759807480576798,338533,"{""alpha"": 0.004861457129937457, ""conv_filters"": 32, ""dense_units"": 32, ""initial_lr"": 0.00015759807480576798}",COMPLETE
266,0.7918118238449097,2026-09-07 17:05:27.710070,2026-09-07 17:06:08.947145,0 days 00:00:41.237075,0.0036535022990372536,24,32,0.00023050868221432137,253949,"{""alpha"": 0.0036535022990372536, ""conv_filters"": 24, ""dense_units"": 32, ""initial_lr"": 0.00023050868221432137}",COMPLETE
267,0.806620180606842,2026-09-07 17:06:08.947649,2026-09-07 17:06:50.472952,0 days 00:00:41.525303,0.004665244950611719,24,32,0.00011135525315563692,253949,"{""alpha"": 0.004665244950611719, ""conv_filters"": 24, ""dense_units"": 32, ""initial_lr"": 0.00011135525315563692}",COMPLETE
268,0.8040069937705994,2026-09-07 17:06:50.473659,2026-09-07 17:07:22.114772,0 days 00:00:31.641113,0.007983039799235217,16,32,0.00019705998525060576,169365,"{""alpha"": 0.007983039799235217, ""conv_filters"": 16, ""dense_units"": 32, ""initial_lr"": 0.00019705998525060576}",COMPLETE
269,0.8074913024902344,2026-09-07 17:07:22.115275,2026-09-07 17:08:10.376094,0 days 00:00:48.260819,0.002204450308789598,32,64,0.0003063967405535826,158501,"{""alpha"": 0.002204450308789598, ""conv_filters"": 32, ""dense_units"": 64, ""initial_lr"": 0.0003063967405535826}",COMPLETE
270,0.7717769742012024,2026-09-07 17:08:10.376621,2026-09-07 17:08:59.535580,0 days 00:00:49.158959,0.0015324534574690353,32,32,0.00027977845968553053,338533,"{""alpha"": 0.0015324534574690353, ""conv_filters"": 32, ""dense_units"": 32, ""initial_lr"": 0.00027977845968553053}",COMPLETE
271,0.8057491183280945,2026-09-07 17:08:59.536122,2026-09-07 17:09:37.169056,0 days 00:00:37.632934,0.009871908601019672,24,16,0.0001610331279891749,127133,"{""alpha"": 0.009871908601019672, ""conv_filters"": 24, ""dense_units"": 16, ""initial_lr"": 0.0001610331279891749}",COMPLETE
272,0.8022648096084595,2026-09-07 17:09:37.169568,2026-09-07 17:10:14.178772,0 days 00:00:37.009204,0.0032153458019931777,32,64,0.0003010227998746542,158501,"{""alpha"": 0.0032153458019931777, ""conv_filters"": 32, ""dense_units"": 64, ""initial_lr"": 0.0003010227998746542}",COMPLETE
273,0.7473867535591125,2026-09-07 17:10:14.180334,2026-09-07 17:10:45.610306,0 days 00:00:31.429972,0.007785192106999759,16,32,0.00048226393624149473,169365,"{""alpha"": 0.007785192106999759, ""conv_filters"": 16, ""dense_units"": 32, ""initial_lr"": 0.00048226393624149473}",COMPLETE
274,0.7290940880775452,2026-09-07 17:10:45.610853,2026-09-07 17:11:19.334211,0 days 00:00:33.723358,0.003176449093466954,24,32,0.00028509882072163157,253949,"{""alpha"": 0.003176449093466954, ""conv_filters"": 24, ""dense_units"": 32, ""initial_lr"": 0.00028509882072163157}",COMPLETE
275,0.7090592384338379,2026-09-07 17:11:19.334786,2026-09-07 17:12:47.466352,0 days 00:01:28.131566,0.006272608772632728,64,32,0.00015787121172012244,676869,"{""alpha"": 0.006272608772632728, ""conv_filters"": 64, ""dense_units"": 32, ""initial_lr"": 0.00015787121172012244}",COMPLETE
276,0.8083623647689819,2026-09-07 17:12:47.466979,2026-09-07 17:13:14.424720,0 days 00:00:26.957741,0.006050027447650617,16,32,0.000308788065987102,169365,"{""alpha"": 0.006050027447650617, ""conv_filters"": 16, ""dense_units"": 32, ""initial_lr"": 0.000308788065987102}",COMPLETE
277,0.8170731663703918,2026-09-07 17:13:14.425240,2026-09-07 17:13:55.736353,0 days 00:00:41.311113,0.016506652982006806,24,32,0.0001640516428810463,253949,"{""alpha"": 0.016506652982006806, ""conv_filters"": 24, ""dense_units"": 32, ""initial_lr"": 0.0001640516428810463}",COMPLETE
278,0.8109756112098694,2026-09-07 17:13:55.736885,2026-09-07 17:14:37.280990,0 days 00:00:41.544105,0.019087954756789465,24,32,0.0001571231132219544,253949,"{""alpha"": 0.019087954756789465, ""conv_filters"": 24, ""dense_units"": 32, ""initial_lr"": 0.0001571231132219544}",COMPLETE
279,0.796167254447937,2026-09-07 17:14:37.281516,2026-09-07 17:15:18.604035,0 days 00:00:41.322519,0.0017111799265253184,24,32,0.00019803932470114895,253949,"{""alpha"": 0.0017111799265253184, ""conv_filters"": 24, ""dense_units"": 32, ""initial_lr"": 0.00019803932470114895}",COMPLETE
280,0.8101045489311218,2026-09-07 17:15:18.604860,2026-09-07 17:15:50.233930,0 days 00:00:31.629070,0.016467960269999575,24,32,0.00019173749875828756,253949,"{""alpha"": 0.016467960269999575, ""conv_filters"": 24, ""dense_units"": 32, ""initial_lr"": 0.00019173749875828756}",COMPLETE
281,0.8074913024902344,2026-09-07 17:15:50.234451,2026-09-07 17:16:17.183687,0 days 00:00:26.949236,0.005221650067597491,16,32,0.00015161706138882604,169365,"{""alpha"": 0.005221650067597491, ""conv_filters"": 16, ""dense_units"": 32, ""initial_lr"": 0.00015161706138882604}",COMPLETE
282,0.7796167135238647,2026-09-07 17:16:17.184202,2026-09-07 17:16:48.655522,0 days 00:00:31.471320,0.029169093466122606,16,32,0.0003135826959467029,169365,"{""alpha"": 0.029169093466122606, ""conv_filters"": 16, ""dense_units"": 32, ""initial_lr"": 0.0003135826959467029}",COMPLETE
283,0.7831010222434998,2026-09-07 17:16:48.656031,2026-09-07 17:17:30.152903,0 days 00:00:41.496872,0.02721159157912802,24,32,0.00016397355527054524,253949,"{""alpha"": 0.02721159157912802, ""conv_filters"": 24, ""dense_units"": 32, ""initial_lr"": 0.00016397355527054524}",COMPLETE
284,0.8101045489311218,2026-09-07 17:17:30.153629,2026-09-07 17:18:11.503797,0 days 00:00:41.350168,0.01552633202621069,24,32,0.000152064032106393,253949,"{""alpha"": 0.01552633202621069, ""conv_filters"": 24, ""dense_units"": 32, ""initial_lr"": 0.000152064032106393}",COMPLETE
285,0.7822299599647522,2026-09-07 17:18:11.504324,2026-09-07 17:18:53.298522,0 days 00:00:41.794198,0.02304894708257941,24,32,0.00014742135741336974,253949,"{""alpha"": 0.02304894708257941, ""conv_filters"": 24, ""dense_units"": 32, ""initial_lr"": 0.00014742135741336974}",COMPLETE
286,0.8214285969734192,2026-09-07 17:18:53.300256,2026-09-07 17:19:34.648819,0 days 00:00:41.348563,0.005781605150246343,24,32,0.00010875000472375214,253949,"{""alpha"": 0.005781605150246343, ""conv_filters"": 24, ""dense_units"": 32, ""initial_lr"": 0.00010875000472375214}",COMPLETE
287,0.7944250702857971,2026-09-07 17:19:34.649320,2026-09-07 17:20:06.462869,0 days 00:00:31.813549,0.0014887209077219942,16,32,0.00014058072186253913,169365,"{""alpha"": 0.0014887209077219942, ""conv_filters"": 16, ""dense_units"": 32, ""initial_lr"": 0.00014058072186253913}",COMPLETE
288,0.7648083567619324,2026-09-07 17:20:06.463360,2026-09-07 17:20:55.193401,0 days 00:00:48.730041,0.0035993208102061617,32,64,0.00010114618195732923,158501,"{""alpha"": 0.0035993208102061617, ""conv_filters"": 32, ""dense_units"": 64, ""initial_lr"": 0.00010114618195732923}",COMPLETE
289,0.7952961921691895,2026-09-07 17:20:55.193937,2026-09-07 17:21:36.541529,0 days 00:00:41.347592,0.00324509473686422,24,32,0.00011740737331897846,253949,"{""alpha"": 0.00324509473686422, ""conv_filters"": 24, ""dense_units"": 32, ""initial_lr"": 0.00011740737331897846}",COMPLETE
290,0.7648083567619324,2026-09-07 17:21:36.542066,2026-09-07 17:22:26.028256,0 days 00:00:49.486190,0.0027935122920724562,32,16,0.0003122283329586486,169477,"{""alpha"": 0.0027935122920724562, ""conv_filters"": 32, ""dense_units"": 16, ""initial_lr"": 0.0003122283329586486}",COMPLETE
291,0.7848432064056396,2026-09-07 17:22:26.028903,2026-09-07 17:22:51.638941,0 days 00:00:25.610038,0.016586738046670272,16,32,0.0007542086468670726,169365,"{""alpha"": 0.016586738046670272, ""conv_filters"": 16, ""dense_units"": 32, ""initial_lr"": 0.0007542086468670726}",COMPLETE
292,0.7360627055168152,2026-09-07 17:22:51.639441,2026-09-07 17:23:40.955759,0 days 00:00:49.316318,0.0035703371664672903,32,32,0.00013036752584082585,338533,"{""alpha"": 0.0035703371664672903, ""conv_filters"": 32, ""dense_units"": 32, ""initial_lr"": 0.00013036752584082585}",COMPLETE
293,0.8048780560493469,2026-09-07 17:23:40.956642,2026-09-07 17:25:09.537188,0 days 00:01:28.580546,0.0016648827804287137,64,32,0.0002416328630052935,676869,"{""alpha"": 0.0016648827804287137, ""conv_filters"": 64, ""dense_units"": 32, ""initial_lr"": 0.0002416328630052935}",COMPLETE
294,0.7839721441268921,2026-09-07 17:25:09.537818,2026-09-07 17:25:51.155760,0 days 00:00:41.617942,0.00690132002656093,24,48,0.00011534668858263201,89309,"{""alpha"": 0.00690132002656093, ""conv_filters"": 24, ""dense_units"": 48, ""initial_lr"": 0.00011534668858263201}",COMPLETE
295,0.8057491183280945,2026-09-07 17:25:51.156275,2026-09-07 17:27:20.513094,0 days 00:01:29.356819,0.02253308708030579,64,32,0.0001753593260599064,676869,"{""alpha"": 0.02253308708030579, ""conv_filters"": 64, ""dense_units"": 32, ""initial_lr"": 0.0001753593260599064}",COMPLETE
296,0.6594076752662659,2026-09-07 17:27:20.515061,2026-09-07 17:27:57.798454,0 days 00:00:37.283393,0.0021550644895970855,32,32,0.0003492145094596373,338533,"{""alpha"": 0.0021550644895970855, ""conv_filters"": 32, ""dense_units"": 32, ""initial_lr"": 0.0003492145094596373}",COMPLETE
297,0.7918118238449097,2026-09-07 17:27:57.799004,2026-09-07 17:28:40.082463,0 days 00:00:42.283459,0.0018283114881136404,24,32,0.0001765718217133419,253949,"{""alpha"": 0.0018283114881136404, ""conv_filters"": 24, ""dense_units"": 32, ""initial_lr"": 0.0001765718217133419}",COMPLETE
298,0.8083623647689819,2026-09-07 17:28:40.083014,2026-09-07 17:29:21.931465,0 days 00:00:41.848451,0.007065663256915342,24,32,0.00012447224624642327,253949,"{""alpha"": 0.007065663256915342, ""conv_filters"": 24, ""dense_units"": 32, ""initial_lr"": 0.00012447224624642327}",COMPLETE
299,0.7944250702857971,2026-09-07 17:29:21.932009,2026-09-07 17:30:11.550290,0 days 00:00:49.618281,0.0029499500604844697,32,32,0.00017417722283617702,338533,"{""alpha"": 0.0029499500604844697, ""conv_filters"": 32, ""dense_units"": 32, ""initial_lr"": 0.00017417722283617702}",COMPLETE
300,0.8127177953720093,2026-09-07 17:30:11.550940,2026-09-07 17:31:00.148440,0 days 00:00:48.597500,0.002691551595491326,32,64,0.00026253115705788865,158501,"{""alpha"": 0.002691551595491326, ""conv_filters"": 32, ""dense_units"": 64, ""initial_lr"": 0.00026253115705788865}",COMPLETE
301,0.7560975551605225,2026-09-07 17:31:00.148959,2026-09-07 17:31:18.164205,0 days 00:00:18.015246,0.060678061921065785,16,32,0.00034759052614523057,169365,"{""alpha"": 0.060678061921065785, ""conv_filters"": 16, ""dense_units"": 32, ""initial_lr"": 0.00034759052614523057}",COMPLETE
302,0.7944250702857971,2026-09-07 17:31:18.164719,2026-09-07 17:32:06.788703,0 days 00:00:48.623984,0.00268734618586,32,64,0.00026209714040502846,158501,"{""alpha"": 0.00268734618586, ""conv_filters"": 32, ""dense_units"": 64, ""initial_lr"": 0.00026209714040502846}",COMPLETE
303,0.8162021040916443,2026-09-07 17:32:06.789226,2026-09-07 17:32:48.444139,0 days 00:00:41.654913,0.004597704135466337,24,32,0.0001377460228604428,253949,"{""alpha"": 0.004597704135466337, ""conv_filters"": 24, ""dense_units"": 32, ""initial_lr"": 0.0001377460228604428}",COMPLETE
304,0.7743902206420898,2026-09-07 17:32:48.445026,2026-09-07 17:33:29.955513,0 days 00:00:41.510487,0.0039801779724610445,24,64,0.00014087459405359284,118973,"{""alpha"": 0.0039801779724610445, ""conv_filters"": 24, ""dense_units"": 64, ""initial_lr"": 0.00014087459405359284}",COMPLETE
305,0.7874564528465271,2026-09-07 17:33:29.956042,2026-09-07 17:34:11.816115,0 days 00:00:41.860073,0.006252651696465907,24,32,0.00011676801074419108,253949,"{""alpha"": 0.006252651696465907, ""conv_filters"": 24, ""dense_units"": 32, ""initial_lr"": 0.00011676801074419108}",COMPLETE
306,0.8013937473297119,2026-09-07 17:34:11.816745,2026-09-07 17:34:53.717846,0 days 00:00:41.901101,0.004656566658536093,24,32,0.0001416204327899643,253949,"{""alpha"": 0.004656566658536093, ""conv_filters"": 24, ""dense_units"": 32, ""initial_lr"": 0.0001416204327899643}",COMPLETE
307,0.7517421841621399,2026-09-07 17:34:53.718362,2026-09-07 17:35:36.552903,0 days 00:00:42.834541,0.005198995253727451,32,16,0.00011521633223849282,169477,"{""alpha"": 0.005198995253727451, ""conv_filters"": 32, ""dense_units"": 16, ""initial_lr"": 0.00011521633223849282}",COMPLETE
308,0.6942508816719055,2026-09-07 17:35:36.553431,2026-09-07 17:36:50.917125,0 days 00:01:14.363694,0.005870481720592941,48,32,0.00027845178678119795,507701,"{""alpha"": 0.005870481720592941, ""conv_filters"": 48, ""dense_units"": 32, ""initial_lr"": 0.00027845178678119795}",COMPLETE
309,0.7560975551605225,2026-09-07 17:36:50.919230,2026-09-07 17:37:33.372688,0 days 00:00:42.453458,0.005780622049427162,24,64,0.0001013510227275869,118973,"{""alpha"": 0.005780622049427162, ""conv_filters"": 24, ""dense_units"": 64, ""initial_lr"": 0.0001013510227275869}",COMPLETE
310,0.8074913024902344,2026-09-07 17:37:33.373221,2026-09-07 17:38:05.399105,0 days 00:00:32.025884,0.005112871316519061,16,48,0.0006498672638949183,59637,"{""alpha"": 0.005112871316519061, ""conv_filters"": 16, ""dense_units"": 48, ""initial_lr"": 0.0006498672638949183}",COMPLETE
311,0.8083623647689819,2026-09-07 17:38:05.399681,2026-09-07 17:38:36.941454,0 days 00:00:31.541773,0.007096083005583278,24,32,0.0002512486426461526,253949,"{""alpha"": 0.007096083005583278, ""conv_filters"": 24, ""dense_units"": 32, ""initial_lr"": 0.0002512486426461526}",COMPLETE
312,0.8074913024902344,2026-09-07 17:38:36.941951,2026-09-07 17:39:12.802405,0 days 00:00:35.860454,0.005347127957685489,24,32,0.0001873717138967866,253949,"{""alpha"": 0.005347127957685489, ""conv_filters"": 24, ""dense_units"": 32, ""initial_lr"": 0.0001873717138967866}",COMPLETE
313,0.8144599199295044,2026-09-07 17:39:12.802969,2026-09-07 17:39:57.265257,0 days 00:00:44.462288,0.004019152794577019,32,64,0.00029208519014295176,158501,"{""alpha"": 0.004019152794577019, ""conv_filters"": 32, ""dense_units"": 64, ""initial_lr"": 0.00029208519014295176}",COMPLETE
314,0.75696861743927,2026-09-07 17:39:57.266130,2026-09-07 17:40:47.289895,0 days 00:00:50.023765,0.002303382225715706,32,32,0.00020406448800981933,338533,"{""alpha"": 0.002303382225715706, ""conv_filters"": 32, ""dense_units"": 32, ""initial_lr"": 0.00020406448800981933}",COMPLETE
315,0.8040069937705994,2026-09-07 17:40:47.290406,2026-09-07 17:41:36.480059,0 days 00:00:49.189653,0.00439616582157827,32,64,0.0003184800320948726,158501,"{""alpha"": 0.00439616582157827, ""conv_filters"": 32, ""dense_units"": 64, ""initial_lr"": 0.0003184800320948726}",COMPLETE
316,0.6803135871887207,2026-09-07 17:41:36.480596,2026-09-07 17:42:15.062259,0 days 00:00:38.581663,0.0028687374441175935,48,32,0.0002274593731551082,507701,"{""alpha"": 0.0028687374441175935, ""conv_filters"": 48, ""dense_units"": 32, ""initial_lr"": 0.0002274593731551082}",COMPLETE
317,0.803135871887207,2026-09-07 17:42:15.062804,2026-09-07 17:43:08.415457,0 days 00:00:53.352653,0.004349270867208523,24,32,0.00010207698131431106,253949,"{""alpha"": 0.004349270867208523, ""conv_filters"": 24, ""dense_units"": 32, ""initial_lr"": 0.00010207698131431106}",COMPLETE
318,0.7813588976860046,2026-09-07 17:43:08.417130,2026-09-07 17:43:49.559491,0 days 00:00:41.142361,0.017383506969797638,24,32,0.00013484643134149008,253949,"{""alpha"": 0.017383506969797638, ""conv_filters"": 24, ""dense_units"": 32, ""initial_lr"": 0.00013484643134149008}",COMPLETE
319,0.7134146094322205,2026-09-07 17:43:49.560004,2026-09-07 17:44:33.557645,0 days 00:00:43.997641,0.0019935229549556334,48,32,0.0001953752101200274,507701,"{""alpha"": 0.0019935229549556334, ""conv_filters"": 48, ""dense_units"": 32, ""initial_lr"": 0.0001953752101200274}",COMPLETE
320,0.8048780560493469,2026-09-07 17:44:33.558177,2026-09-07 17:45:14.738969,0 days 00:00:41.180792,0.01541770981613489,24,16,0.00017044955040795845,127133,"{""alpha"": 0.01541770981613489, ""conv_filters"": 24, ""dense_units"": 16, ""initial_lr"": 0.00017044955040795845}",COMPLETE
321,0.8048780560493469,2026-09-07 17:45:14.739517,2026-09-07 17:45:56.000924,0 days 00:00:41.261407,0.002719047548204312,24,64,0.00023781723124936707,118973,"{""alpha"": 0.002719047548204312, ""conv_filters"": 24, ""dense_units"": 64, ""initial_lr"": 0.00023781723124936707}",COMPLETE
322,0.7831010222434998,2026-09-07 17:45:56.001460,2026-09-07 17:46:44.938910,0 days 00:00:48.937450,0.00383719007915975,32,16,0.00028674161140011123,169477,"{""alpha"": 0.00383719007915975, ""conv_filters"": 32, ""dense_units"": 16, ""initial_lr"": 0.00028674161140011123}",COMPLETE
323,0.7804877758026123,2026-09-07 17:46:44.939412,2026-09-07 17:47:20.856535,0 days 00:00:35.917123,0.003219245891878294,24,32,0.00025031111304493986,253949,"{""alpha"": 0.003219245891878294, ""conv_filters"": 24, ""dense_units"": 32, ""initial_lr"": 0.00025031111304493986}",COMPLETE
324,0.8040069937705994,2026-09-07 17:47:20.857120,2026-09-07 17:48:48.777528,0 days 00:01:27.920408,0.0015429152990306175,64,32,0.00016130994420854693,676869,"{""alpha"": 0.0015429152990306175, ""conv_filters"": 64, ""dense_units"": 32, ""initial_lr"": 0.00016130994420854693}",COMPLETE
325,0.7865853905677795,2026-09-07 17:48:48.778211,2026-09-07 17:49:37.815725,0 days 00:00:49.037514,0.005393656218417888,32,32,0.00010085637308709113,338533,"{""alpha"": 0.005393656218417888, ""conv_filters"": 32, ""dense_units"": 32, ""initial_lr"": 0.00010085637308709113}",COMPLETE
326,0.7857142686843872,2026-09-07 17:49:37.816263,2026-09-07 17:49:59.163262,0 days 00:00:21.346999,0.020378005739020294,16,32,0.0003997599894172181,169365,"{""alpha"": 0.020378005739020294, ""conv_filters"": 16, ""dense_units"": 32, ""initial_lr"": 0.0003997599894172181}",COMPLETE
327,0.7552264928817749,2026-09-07 17:49:59.163816,2026-09-07 17:51:10.444098,0 days 00:01:11.280282,0.006359669898640823,48,32,0.000177473477383893,507701,"{""alpha"": 0.006359669898640823, ""conv_filters"": 48, ""dense_units"": 32, ""initial_lr"": 0.000177473477383893}",COMPLETE
328,0.7979093790054321,2026-09-07 17:51:10.444938,2026-09-07 17:51:42.100842,0 days 00:00:31.655904,0.0035640715072576905,16,32,0.00021322334393875938,169365,"{""alpha"": 0.0035640715072576905, ""conv_filters"": 16, ""dense_units"": 32, ""initial_lr"": 0.00021322334393875938}",COMPLETE
329,0.806620180606842,2026-09-07 17:51:42.101392,2026-09-07 17:52:30.548047,0 days 00:00:48.446655,0.004996897769698707,32,64,0.0002658445179196456,158501,"{""alpha"": 0.004996897769698707, ""conv_filters"": 32, ""dense_units"": 64, ""initial_lr"": 0.0002658445179196456}",COMPLETE
330,0.6602787375450134,2026-09-07 17:52:30.548564,2026-09-07 17:53:12.625963,0 days 00:00:42.077399,0.00398213540406794,24,8,0.00011803532197540482,63725,"{""alpha"": 0.00398213540406794, ""conv_filters"": 24, ""dense_units"": 8, ""initial_lr"": 0.00011803532197540482}",COMPLETE
331,0.796167254447937,2026-09-07 17:53:12.626492,2026-09-07 17:54:01.828620,0 days 00:00:49.202128,0.0029256169235016994,32,32,0.00014489019766812696,338533,"{""alpha"": 0.0029256169235016994, ""conv_filters"": 32, ""dense_units"": 32, ""initial_lr"": 0.00014489019766812696}",COMPLETE
332,0.8048780560493469,2026-09-07 17:54:01.829238,2026-09-07 17:54:44.131937,0 days 00:00:42.302699,0.0024763680356916624,24,48,0.00021034929186448018,89309,"{""alpha"": 0.0024763680356916624, ""conv_filters"": 24, ""dense_units"": 48, ""initial_lr"": 0.00021034929186448018}",COMPLETE
333,0.796167254447937,2026-09-07 17:54:44.132507,2026-09-07 17:55:18.468285,0 days 00:00:34.335778,0.013199743001199957,16,16,0.00031233221852113735,84789,"{""alpha"": 0.013199743001199957, ""conv_filters"": 16, ""dense_units"": 16, ""initial_lr"": 0.00031233221852113735}",COMPLETE
334,0.8135888576507568,2026-09-07 17:55:18.470205,2026-09-07 17:55:47.210379,0 days 00:00:28.740174,0.0050464336138365705,16,32,0.00038929992884624055,169365,"{""alpha"": 0.0050464336138365705, ""conv_filters"": 16, ""dense_units"": 32, ""initial_lr"": 0.00038929992884624055}",COMPLETE
335,0.7813588976860046,2026-09-07 17:55:47.210919,2026-09-07 17:56:19.863376,0 days 00:00:32.652457,0.0064612905490924275,24,32,0.0002110064778090662,253949,"{""alpha"": 0.0064612905490924275, ""conv_filters"": 24, ""dense_units"": 32, ""initial_lr"": 0.0002110064778090662}",COMPLETE
336,0.7891985774040222,2026-09-07 17:56:19.863939,2026-09-07 17:56:46.633151,0 days 00:00:26.769212,0.004830955112448572,16,32,0.0004058810266024008,169365,"{""alpha"": 0.004830955112448572, ""conv_filters"": 16, ""dense_units"": 32, ""initial_lr"": 0.0004058810266024008}",COMPLETE
337,0.8127177953720093,2026-09-07 17:56:46.633684,2026-09-07 17:57:28.108429,0 days 00:00:41.474745,0.0024754070507346064,24,32,0.00013709888956342625,253949,"{""alpha"": 0.0024754070507346064, ""conv_filters"": 24, ""dense_units"": 32, ""initial_lr"": 0.00013709888956342625}",COMPLETE
338,0.8170731663703918,2026-09-07 17:57:28.109456,2026-09-07 17:58:10.054564,0 days 00:00:41.945108,0.008732060189730972,24,32,0.00014086996860606724,253949,"{""alpha"": 0.008732060189730972, ""conv_filters"": 24, ""dense_units"": 32, ""initial_lr"": 0.00014086996860606724}",COMPLETE
339,0.7952961921691895,2026-09-07 17:58:10.055122,2026-09-07 17:58:58.179073,0 days 00:00:48.123951,0.005143168780598671,32,64,0.00030497190607155385,158501,"{""alpha"": 0.005143168780598671, ""conv_filters"": 32, ""dense_units"": 64, ""initial_lr"": 0.00030497190607155385}",COMPLETE
340,0.8005226254463196,2026-09-07 17:58:58.179680,2026-09-07 17:59:37.546340,0 days 00:00:39.366660,0.003970534381143385,24,32,0.00014065920150436244,253949,"{""alpha"": 0.003970534381143385, ""conv_filters"": 24, ""dense_units"": 32, ""initial_lr"": 0.00014065920150436244}",COMPLETE
341,0.6881533265113831,2026-09-07 17:59:37.546903,2026-09-07 18:00:08.705527,0 days 00:00:31.158624,0.009171324578705725,16,32,0.001024939721379267,169365,"{""alpha"": 0.009171324578705725, ""conv_filters"": 16, ""dense_units"": 32, ""initial_lr"": 0.001024939721379267}",COMPLETE
342,0.7839721441268921,2026-09-07 18:00:08.706513,2026-09-07 18:00:50.169736,0 days 00:00:41.463223,0.0046271051226403695,24,64,0.00012522537010457627,118973,"{""alpha"": 0.0046271051226403695, ""conv_filters"": 24, ""dense_units"": 64, ""initial_lr"": 0.00012522537010457627}",COMPLETE
343,0.8048780560493469,2026-09-07 18:00:50.170260,2026-09-07 18:01:21.550518,0 days 00:00:31.380258,0.0027562073373167436,16,32,0.00015157033546695162,169365,"{""alpha"": 0.0027562073373167436, ""conv_filters"": 16, ""dense_units"": 32, ""initial_lr"": 0.00015157033546695162}",COMPLETE
344,0.7473867535591125,2026-09-07 18:01:21.551094,2026-09-07 18:02:31.732509,0 days 00:01:10.181415,0.004254428000825415,48,32,0.00035778470060548095,507701,"{""alpha"": 0.004254428000825415, ""conv_filters"": 48, ""dense_units"": 32, ""initial_lr"": 0.00035778470060548095}",COMPLETE
345,0.7865853905677795,2026-09-07 18:02:31.733107,2026-09-07 18:03:14.286012,0 days 00:00:42.552905,0.003210332682969392,24,8,0.00015676655609695738,63725,"{""alpha"": 0.003210332682969392, ""conv_filters"": 24, ""dense_units"": 8, ""initial_lr"": 0.00015676655609695738}",COMPLETE
346,0.7987805008888245,2026-09-07 18:03:14.286558,2026-09-07 18:03:43.407797,0 days 00:00:29.121239,0.020538965600945997,24,32,0.00017550706555601319,253949,"{""alpha"": 0.020538965600945997, ""conv_filters"": 24, ""dense_units"": 32, ""initial_lr"": 0.00017550706555601319}",COMPLETE
347,0.7595818638801575,2026-09-07 18:03:43.408736,2026-09-07 18:04:15.574730,0 days 00:00:32.165994,0.005778746526489097,16,32,0.0004017768385539868,169365,"{""alpha"": 0.005778746526489097, ""conv_filters"": 16, ""dense_units"": 32, ""initial_lr"": 0.0004017768385539868}",COMPLETE
348,0.7796167135238647,2026-09-07 18:04:15.575287,2026-09-07 18:04:39.188756,0 days 00:00:23.613469,0.05485273056308899,16,32,0.0002725865364661854,169365,"{""alpha"": 0.05485273056308899, ""conv_filters"": 16, ""dense_units"": 32, ""initial_lr"": 0.0002725865364661854}",COMPLETE
349,0.6263065934181213,2026-09-07 18:04:39.189271,2026-09-07 18:05:10.634988,0 days 00:00:31.445717,0.002538161825503695,16,8,0.00016329041115561378,42501,"{""alpha"": 0.002538161825503695, ""conv_filters"": 16, ""dense_units"": 8, ""initial_lr"": 0.00016329041115561378}",COMPLETE
350,0.8092334270477295,2026-09-07 18:05:10.635488,2026-09-07 18:06:37.115784,0 days 00:01:26.480296,0.003923069965146027,64,64,0.0002847151092747522,316613,"{""alpha"": 0.003923069965146027, ""conv_filters"": 64, ""dense_units"": 64, ""initial_lr"": 0.0002847151092747522}",COMPLETE
351,0.7604529857635498,2026-09-07 18:06:37.116769,2026-09-07 18:07:01.328473,0 days 00:00:24.211704,0.005148609576238149,24,16,0.00016280004365542753,127133,"{""alpha"": 0.005148609576238149, ""conv_filters"": 24, ""dense_units"": 16, ""initial_lr"": 0.00016280004365542753}",COMPLETE
352,0.35452961921691895,2026-09-07 18:07:01.328980,2026-09-07 18:07:12.666305,0 days 00:00:11.337325,0.0043508727206940665,32,8,0.00011017051878510783,84949,"{""alpha"": 0.0043508727206940665, ""conv_filters"": 32, ""dense_units"": 8, ""initial_lr"": 0.00011017051878510783}",COMPLETE
353,0.7970383167266846,2026-09-07 18:07:12.666862,2026-09-07 18:07:44.963364,0 days 00:00:32.296502,0.0037780782221787986,16,32,0.0001649360182753394,169365,"{""alpha"": 0.0037780782221787986, ""conv_filters"": 16, ""dense_units"": 32, ""initial_lr"": 0.0001649360182753394}",COMPLETE
354,0.8231707215309143,2026-09-07 18:07:44.963907,2026-09-07 18:08:26.792010,0 days 00:00:41.828103,0.012504048071278341,24,32,0.00014447826336507285,253949,"{""alpha"": 0.012504048071278341, ""conv_filters"": 24, ""dense_units"": 32, ""initial_lr"": 0.00014447826336507285}",COMPLETE
355,0.7752613425254822,2026-09-07 18:08:26.792563,2026-09-07 18:08:53.690870,0 days 00:00:26.898307,0.016544266721134484,16,32,0.000490732352661289,169365,"{""alpha"": 0.016544266721134484, ""conv_filters"": 16, ""dense_units"": 32, ""initial_lr"": 0.000490732352661289}",COMPLETE
356,0.8040069937705994,2026-09-07 18:08:53.691450,2026-09-07 18:09:25.772567,0 days 00:00:32.081117,0.016899362845210725,16,32,0.0002476815824786506,169365,"{""alpha"": 0.016899362845210725, ""conv_filters"": 16, ""dense_units"": 32, ""initial_lr"": 0.0002476815824786506}",COMPLETE
357,0.7822299599647522,2026-09-07 18:09:25.773093,2026-09-07 18:09:57.602423,0 days 00:00:31.829330,0.00806908929160699,16,48,0.00038052492886510097,59637,"{""alpha"": 0.00806908929160699, ""conv_filters"": 16, ""dense_units"": 48, ""initial_lr"": 0.00038052492886510097}",COMPLETE
358,0.8005226254463196,2026-09-07 18:09:57.602929,2026-09-07 18:10:28.220947,0 days 00:00:30.618018,0.010004923916180375,24,32,0.0001248602527684801,253949,"{""alpha"": 0.010004923916180375, ""conv_filters"": 24, ""dense_units"": 32, ""initial_lr"": 0.0001248602527684801}",COMPLETE
359,0.75696861743927,2026-09-07 18:10:28.221948,2026-09-07 18:10:55.588485,0 days 00:00:27.366537,0.002673984920431676,16,32,0.00011708883395962963,169365,"{""alpha"": 0.002673984920431676, ""conv_filters"": 16, ""dense_units"": 32, ""initial_lr"": 0.00011708883395962963}",COMPLETE
360,0.7970383167266846,2026-09-07 18:10:55.589020,2026-09-07 18:11:37.269983,0 days 00:00:41.680963,0.00825772155756247,24,32,0.00012942759105722334,253949,"{""alpha"": 0.00825772155756247, ""conv_filters"": 24, ""dense_units"": 32, ""initial_lr"": 0.00012942759105722334}",COMPLETE
361,0.7290940880775452,2026-09-07 18:11:37.270514,2026-09-07 18:12:09.482432,0 days 00:00:32.211918,0.006389060945285264,16,48,0.00014636881880741168,59637,"{""alpha"": 0.006389060945285264, ""conv_filters"": 16, ""dense_units"": 48, ""initial_lr"": 0.00014636881880741168}",COMPLETE
362,0.7560975551605225,2026-09-07 18:12:09.482917,2026-09-07 18:13:22.085999,0 days 00:01:12.603082,0.004506493732699352,48,32,0.00012405557541973064,507701,"{""alpha"": 0.004506493732699352, ""conv_filters"": 48, ""dense_units"": 32, ""initial_lr"": 0.00012405557541973064}",COMPLETE
363,0.37804877758026123,2026-09-07 18:13:22.086575,2026-09-07 18:13:31.032579,0 days 00:00:08.946004,0.005430146269889759,16,32,0.0005296553206700704,169365,"{""alpha"": 0.005430146269889759, ""conv_filters"": 16, ""dense_units"": 32, ""initial_lr"": 0.0005296553206700704}",COMPLETE
364,0.7839721441268921,2026-09-07 18:13:31.034225,2026-09-07 18:14:13.223843,0 days 00:00:42.189618,0.0017746933162371792,24,32,0.00030450803272082225,253949,"{""alpha"": 0.0017746933162371792, ""conv_filters"": 24, ""dense_units"": 32, ""initial_lr"": 0.00030450803272082225}",COMPLETE
365,0.8013937473297119,2026-09-07 18:14:13.225804,2026-09-07 18:14:45.267610,0 days 00:00:32.041806,0.0017279749242725328,16,32,0.0001437661809466651,169365,"{""alpha"": 0.0017279749242725328, ""conv_filters"": 16, ""dense_units"": 32, ""initial_lr"": 0.0001437661809466651}",COMPLETE
366,0.7630661725997925,2026-09-07 18:14:45.268144,2026-09-07 18:15:17.521744,0 days 00:00:32.253600,0.005025490575848639,16,32,0.00010114268679621064,169365,"{""alpha"": 0.005025490575848639, ""conv_filters"": 16, ""dense_units"": 32, ""initial_lr"": 0.00010114268679621064}",COMPLETE
367,0.8057491183280945,2026-09-07 18:15:17.522262,2026-09-07 18:16:06.476842,0 days 00:00:48.954580,0.005075641640922329,32,64,0.00037022314828356954,158501,"{""alpha"": 0.005075641640922329, ""conv_filters"": 32, ""dense_units"": 64, ""initial_lr"": 0.00037022314828356954}",COMPLETE
368,0.7857142686843872,2026-09-07 18:16:06.477371,2026-09-07 18:16:48.331579,0 days 00:00:41.854208,0.004422798052496601,24,64,0.00017327024480715542,118973,"{""alpha"": 0.004422798052496601, ""conv_filters"": 24, ""dense_units"": 64, ""initial_lr"": 0.00017327024480715542}",COMPLETE
369,0.8040069937705994,2026-09-07 18:16:48.332137,2026-09-07 18:17:35.494390,0 days 00:00:47.162253,0.0030464230717088103,32,64,0.0004273727338476531,158501,"{""alpha"": 0.0030464230717088103, ""conv_filters"": 32, ""dense_units"": 64, ""initial_lr"": 0.0004273727338476531}",COMPLETE
370,0.7796167135238647,2026-09-07 18:17:35.495374,2026-09-07 18:18:11.382254,0 days 00:00:35.886880,0.005988394123571343,24,48,0.00018318280470254374,89309,"{""alpha"": 0.005988394123571343, ""conv_filters"": 24, ""dense_units"": 48, ""initial_lr"": 0.00018318280470254374}",COMPLETE
371,0.8048780560493469,2026-09-07 18:18:11.382813,2026-09-07 18:18:43.624404,0 days 00:00:32.241591,0.004225379303671674,16,32,0.0001206673326448519,169365,"{""alpha"": 0.004225379303671674, ""conv_filters"": 16, ""dense_units"": 32, ""initial_lr"": 0.0001206673326448519}",COMPLETE
372,0.7404181361198425,2026-09-07 18:18:43.624887,2026-09-07 18:19:14.331263,0 days 00:00:30.706376,0.007266478220338789,16,32,0.0008071219355679533,169365,"{""alpha"": 0.007266478220338789, ""conv_filters"": 16, ""dense_units"": 32, ""initial_lr"": 0.0008071219355679533}",COMPLETE
373,0.806620180606842,2026-09-07 18:19:14.331769,2026-09-07 18:20:03.497691,0 days 00:00:49.165922,0.004128302927543033,32,64,0.000288240393377743,158501,"{""alpha"": 0.004128302927543033, ""conv_filters"": 32, ""dense_units"": 64, ""initial_lr"": 0.000288240393377743}",COMPLETE
374,0.8057491183280945,2026-09-07 18:20:03.498226,2026-09-07 18:20:35.812527,0 days 00:00:32.314301,0.002198528141569326,16,32,0.0001759195121315243,169365,"{""alpha"": 0.002198528141569326, ""conv_filters"": 16, ""dense_units"": 32, ""initial_lr"": 0.0001759195121315243}",COMPLETE
375,0.796167254447937,2026-09-07 18:20:35.813042,2026-09-07 18:21:25.623052,0 days 00:00:49.810010,0.0042911836575624295,32,32,0.00011758303717477398,338533,"{""alpha"": 0.0042911836575624295, ""conv_filters"": 32, ""dense_units"": 32, ""initial_lr"": 0.00011758303717477398}",COMPLETE
376,0.806620180606842,2026-09-07 18:21:25.623610,2026-09-07 18:22:02.914434,0 days 00:00:37.290824,0.004066222012048685,32,32,0.00010099588409890324,338533,"{""alpha"": 0.004066222012048685, ""conv_filters"": 32, ""dense_units"": 32, ""initial_lr"": 0.00010099588409890324}",COMPLETE
377,0.6480836272239685,2026-09-07 18:22:02.914945,2026-09-07 18:22:46.519663,0 days 00:00:43.604718,0.003508646186801409,32,8,0.0003188531315468724,84949,"{""alpha"": 0.003508646186801409, ""conv_filters"": 32, ""dense_units"": 8, ""initial_lr"": 0.0003188531315468724}",COMPLETE
378,0.792682945728302,2026-09-07 18:22:46.521929,2026-09-07 18:23:26.631571,0 days 00:00:40.109642,0.003277433313856971,24,32,0.00010391579656486872,253949,"{""alpha"": 0.003277433313856971, ""conv_filters"": 24, ""dense_units"": 32, ""initial_lr"": 0.00010391579656486872}",COMPLETE
379,0.7560975551605225,2026-09-07 18:23:26.634180,2026-09-07 18:23:53.634703,0 days 00:00:27.000523,0.011612868306628785,16,32,0.0008103881417345421,169365,"{""alpha"": 0.011612868306628785, ""conv_filters"": 16, ""dense_units"": 32, ""initial_lr"": 0.0008103881417345421}",COMPLETE
380,0.8101045489311218,2026-09-07 18:23:53.636833,2026-09-07 18:24:37.048645,0 days 00:00:43.411812,0.01012834589519539,24,32,0.0003397657945946957,253949,"{""alpha"": 0.01012834589519539, ""conv_filters"": 24, ""dense_units"": 32, ""initial_lr"": 0.0003397657945946957}",COMPLETE
381,0.7726480960845947,2026-09-07 18:24:37.049269,2026-09-07 18:25:51.603562,0 days 00:01:14.554293,0.010585172418360463,48,32,0.00017066501898787846,507701,"{""alpha"": 0.010585172418360463, ""conv_filters"": 48, ""dense_units"": 32, ""initial_lr"": 0.00017066501898787846}",COMPLETE
382,0.8118466734886169,2026-09-07 18:25:51.605698,2026-09-07 18:26:25.402176,0 days 00:00:33.796478,0.007059497690843469,16,32,0.00023775353148018226,169365,"{""alpha"": 0.007059497690843469, ""conv_filters"": 16, ""dense_units"": 32, ""initial_lr"": 0.00023775353148018226}",COMPLETE
383,0.806620180606842,2026-09-07 18:26:25.402887,2026-09-07 18:27:09.442757,0 days 00:00:44.039870,0.01265495315849792,24,16,0.00014304963905784125,127133,"{""alpha"": 0.01265495315849792, ""conv_filters"": 24, ""dense_units"": 16, ""initial_lr"": 0.00014304963905784125}",COMPLETE
384,0.8048780560493469,2026-09-07 18:27:09.444607,2026-09-07 18:27:41.043256,0 days 00:00:31.598649,0.005942684571490218,16,64,0.0002839237798272483,79445,"{""alpha"": 0.005942684571490218, ""conv_filters"": 16, ""dense_units"": 64, ""initial_lr"": 0.0002839237798272483}",COMPLETE
385,0.4764808416366577,2026-09-07 18:27:41.043831,2026-09-07 18:27:55.062483,0 days 00:00:14.018652,0.011334991769371932,24,8,0.000151471425992814,63725,"{""alpha"": 0.011334991769371932, ""conv_filters"": 24, ""dense_units"": 8, ""initial_lr"": 0.000151471425992814}",COMPLETE
386,0.8127177953720093,2026-09-07 18:27:55.063044,2026-09-07 18:28:38.720167,0 days 00:00:43.657123,0.01657273362311721,24,32,0.00010954478487932777,253949,"{""alpha"": 0.01657273362311721, ""conv_filters"": 24, ""dense_units"": 32, ""initial_lr"": 0.00010954478487932777}",COMPLETE
387,0.7482578158378601,2026-09-07 18:28:38.722228,2026-09-07 18:29:23.881256,0 days 00:00:45.159028,0.003379618609442346,24,32,0.00042268320300808656,253949,"{""alpha"": 0.003379618609442346, ""conv_filters"": 24, ""dense_units"": 32, ""initial_lr"": 0.00042268320300808656}",COMPLETE
388,0.8083623647689819,2026-09-07 18:29:23.881998,2026-09-07 18:30:39.424093,0 days 00:01:15.542095,0.003751864257799066,48,32,0.00011432113652404429,507701,"{""alpha"": 0.003751864257799066, ""conv_filters"": 48, ""dense_units"": 32, ""initial_lr"": 0.00011432113652404429}",COMPLETE
389,0.7447735071182251,2026-09-07 18:30:39.426005,2026-09-07 18:31:24.507379,0 days 00:00:45.081374,0.0047637711004719615,24,16,0.00010412431716625067,127133,"{""alpha"": 0.0047637711004719615, ""conv_filters"": 24, ""dense_units"": 16, ""initial_lr"": 0.00010412431716625067}",COMPLETE
390,0.7848432064056396,2026-09-07 18:31:24.508380,2026-09-07 18:32:39.768519,0 days 00:01:15.260139,0.005853891522949397,48,16,0.00012662464899895116,254165,"{""alpha"": 0.005853891522949397, ""conv_filters"": 48, ""dense_units"": 16, ""initial_lr"": 0.00012662464899895116}",COMPLETE
391,0.7865853905677795,2026-09-07 18:32:39.770305,2026-09-07 18:33:08.023429,0 days 00:00:28.253124,0.011642749845953596,16,32,0.00026780902447740403,169365,"{""alpha"": 0.011642749845953596, ""conv_filters"": 16, ""dense_units"": 32, ""initial_lr"": 0.00026780902447740403}",COMPLETE
392,0.8022648096084595,2026-09-07 18:33:08.024111,2026-09-07 18:34:10.699656,0 days 00:01:02.675545,0.003990881477759766,16,32,0.0003427807613706866,169365,"{""alpha"": 0.003990881477759766, ""conv_filters"": 16, ""dense_units"": 32, ""initial_lr"": 0.0003427807613706866}",COMPLETE
393,0.8083623647689819,2026-09-07 18:34:10.701263,2026-09-07 18:35:00.727264,0 days 00:00:50.026001,0.0032345304598732825,32,32,0.00010373656545027427,338533,"{""alpha"": 0.0032345304598732825, ""conv_filters"": 32, ""dense_units"": 32, ""initial_lr"": 0.00010373656545027427}",COMPLETE
394,0.7857142686843872,2026-09-07 18:35:00.727947,2026-09-07 18:35:38.220521,0 days 00:00:37.492574,0.002155810372177463,24,32,0.00017765651441830447,253949,"{""alpha"": 0.002155810372177463, ""conv_filters"": 24, ""dense_units"": 32, ""initial_lr"": 0.00017765651441830447}",COMPLETE
395,0.8101045489311218,2026-09-07 18:35:38.221068,2026-09-07 18:36:10.281083,0 days 00:00:32.060015,0.011005946386024857,16,32,0.0003712896655357593,169365,"{""alpha"": 0.011005946386024857, ""conv_filters"": 16, ""dense_units"": 32, ""initial_lr"": 0.0003712896655357593}",COMPLETE
396,0.7944250702857971,2026-09-07 18:36:10.281604,2026-09-07 18:36:46.736620,0 days 00:00:36.455016,0.004014783205416499,24,32,0.00018886862201606438,253949,"{""alpha"": 0.004014783205416499, ""conv_filters"": 24, ""dense_units"": 32, ""initial_lr"": 0.00018886862201606438}",COMPLETE
397,0.47038328647613525,2026-09-07 18:36:46.737154,2026-09-07 18:37:18.900270,0 days 00:00:32.163116,0.00872053416743185,64,32,0.0003305880371690045,676869,"{""alpha"": 0.00872053416743185, ""conv_filters"": 64, ""dense_units"": 32, ""initial_lr"": 0.0003305880371690045}",COMPLETE
398,0.8118466734886169,2026-09-07 18:37:18.902627,2026-09-07 18:38:15.272252,0 days 00:00:56.369625,0.017633063557561404,48,32,0.00017247442265393246,507701,"{""alpha"": 0.017633063557561404, ""conv_filters"": 48, ""dense_units"": 32, ""initial_lr"": 0.00017247442265393246}",COMPLETE
399,0.7813588976860046,2026-09-07 18:38:15.272836,2026-09-07 18:38:45.691881,0 days 00:00:30.419045,0.006377197043390142,24,32,0.00015719277533551918,253949,"{""alpha"": 0.006377197043390142, ""conv_filters"": 24, ""dense_units"": 32, ""initial_lr"": 0.00015719277533551918}",COMPLETE
400,0.799651563167572,2026-09-07 18:38:45.692395,2026-09-07 18:39:17.627195,0 days 00:00:31.934800,0.005351213031105104,16,64,0.0004063339271655983,79445,"{""alpha"": 0.005351213031105104, ""conv_filters"": 16, ""dense_units"": 64, ""initial_lr"": 0.0004063339271655983}",COMPLETE
401,0.8040069937705994,2026-09-07 18:39:17.627736,2026-09-07 18:40:00.386279,0 days 00:00:42.758543,0.004897627769674571,24,32,0.00012510657966813423,253949,"{""alpha"": 0.004897627769674571, ""conv_filters"": 24, ""dense_units"": 32, ""initial_lr"": 0.00012510657966813423}",COMPLETE
402,0.7970383167266846,2026-09-07 18:40:00.388403,2026-09-07 18:40:50.187343,0 days 00:00:49.798940,0.005375959164295554,32,64,0.00023692380024455172,158501,"{""alpha"": 0.005375959164295554, ""conv_filters"": 32, ""dense_units"": 64, ""initial_lr"": 0.00023692380024455172}",COMPLETE
403,0.7979093790054321,2026-09-07 18:40:50.187863,2026-09-07 18:41:19.581963,0 days 00:00:29.394100,0.004614520224152807,16,48,0.00044656961241331034,59637,"{""alpha"": 0.004614520224152807, ""conv_filters"": 16, ""dense_units"": 48, ""initial_lr"": 0.00044656961241331034}",COMPLETE
404,0.8040069937705994,2026-09-07 18:41:19.582477,2026-09-07 18:42:32.348658,0 days 00:01:12.766181,0.014366788345852552,48,32,0.00016027654426142306,507701,"{""alpha"": 0.014366788345852552, ""conv_filters"": 48, ""dense_units"": 32, ""initial_lr"": 0.00016027654426142306}",COMPLETE
405,0.7952961921691895,2026-09-07 18:42:32.349734,2026-09-07 18:43:14.515211,0 days 00:00:42.165477,0.012479894839348367,24,32,0.00014806619115018002,253949,"{""alpha"": 0.012479894839348367, ""conv_filters"": 24, ""dense_units"": 32, ""initial_lr"": 0.00014806619115018002}",COMPLETE
406,0.7508710622787476,2026-09-07 18:43:14.515759,2026-09-07 18:43:56.381593,0 days 00:00:41.865834,0.00402920379403975,24,48,0.00011197005002889535,89309,"{""alpha"": 0.00402920379403975, ""conv_filters"": 24, ""dense_units"": 48, ""initial_lr"": 0.00011197005002889535}",COMPLETE
407,0.8022648096084595,2026-09-07 18:43:56.382124,2026-09-07 18:44:38.169468,0 days 00:00:41.787344,0.0020307041808393794,24,16,0.00016215173405745165,127133,"{""alpha"": 0.0020307041808393794, ""conv_filters"": 24, ""dense_units"": 16, ""initial_lr"": 0.00016215173405745165}",COMPLETE
408,0.7935540080070496,2026-09-07 18:44:38.169966,2026-09-07 18:45:19.934654,0 days 00:00:41.764688,0.02068527111198398,24,32,0.00011844118549306444,253949,"{""alpha"": 0.02068527111198398, ""conv_filters"": 24, ""dense_units"": 32, ""initial_lr"": 0.00011844118549306444}",COMPLETE
409,0.7299651503562927,2026-09-07 18:45:19.935196,2026-09-07 18:45:41.730431,0 days 00:00:21.795235,0.0034143731273904116,16,32,0.00011523326943872125,169365,"{""alpha"": 0.0034143731273904116, ""conv_filters"": 16, ""dense_units"": 32, ""initial_lr"": 0.00011523326943872125}",COMPLETE
410,0.6271777153015137,2026-09-07 18:45:41.731414,2026-09-07 18:46:08.743992,0 days 00:00:27.012578,0.0017921467522178595,24,8,0.00022049422867082355,63725,"{""alpha"": 0.0017921467522178595, ""conv_filters"": 24, ""dense_units"": 8, ""initial_lr"": 0.00022049422867082355}",COMPLETE
411,0.8022648096084595,2026-09-07 18:46:08.744494,2026-09-07 18:47:20.694162,0 days 00:01:11.949668,0.0020974890061033484,48,32,0.00012000406924108524,507701,"{""alpha"": 0.0020974890061033484, ""conv_filters"": 48, ""dense_units"": 32, ""initial_lr"": 0.00012000406924108524}",COMPLETE
412,0.806620180606842,2026-09-07 18:47:20.694674,2026-09-07 18:47:53.108839,0 days 00:00:32.414165,0.009246504959365263,16,32,0.0007266982001790753,169365,"{""alpha"": 0.009246504959365263, ""conv_filters"": 16, ""dense_units"": 32, ""initial_lr"": 0.0007266982001790753}",COMPLETE
413,0.8170731663703918,2026-09-07 18:47:53.109378,2026-09-07 18:49:05.086214,0 days 00:01:11.976836,0.003584434305599945,48,64,0.000323461536454277,237557,"{""alpha"": 0.003584434305599945, ""conv_filters"": 48, ""dense_units"": 64, ""initial_lr"": 0.000323461536454277}",COMPLETE
414,0.8205574750900269,2026-09-07 18:49:05.088223,2026-09-07 18:50:08.802844,0 days 00:01:03.714621,0.002998052373802218,48,64,0.00030435646760311425,237557,"{""alpha"": 0.002998052373802218, ""conv_filters"": 48, ""dense_units"": 64, ""initial_lr"": 0.00030435646760311425}",COMPLETE
415,0.7804877758026123,2026-09-07 18:50:08.803401,2026-09-07 18:50:50.787784,0 days 00:00:41.984383,0.0023953473235967283,24,48,0.00016900610400676067,89309,"{""alpha"": 0.0023953473235967283, ""conv_filters"": 24, ""dense_units"": 48, ""initial_lr"": 0.00016900610400676067}",COMPLETE
416,0.792682945728302,2026-09-07 18:50:50.788320,2026-09-07 18:52:02.287244,0 days 00:01:11.498924,0.0034451316951617152,48,64,0.0003489472633154405,237557,"{""alpha"": 0.0034451316951617152, ""conv_filters"": 48, ""dense_units"": 64, ""initial_lr"": 0.0003489472633154405}",COMPLETE
417,0.8048780560493469,2026-09-07 18:52:02.287771,2026-09-07 18:52:34.650924,0 days 00:00:32.363153,0.007799221518425193,16,32,0.0002661193558852581,169365,"{""alpha"": 0.007799221518425193, ""conv_filters"": 16, ""dense_units"": 32, ""initial_lr"": 0.0002661193558852581}",COMPLETE
418,0.7848432064056396,2026-09-07 18:52:34.652610,2026-09-07 18:53:46.509327,0 days 00:01:11.856717,0.0030089857734142676,48,64,0.0003215087590155463,237557,"{""alpha"": 0.0030089857734142676, ""conv_filters"": 48, ""dense_units"": 64, ""initial_lr"": 0.0003215087590155463}",COMPLETE
419,0.4982578456401825,2026-09-07 18:53:46.509848,2026-09-07 18:54:19.174822,0 days 00:00:32.664974,0.004432341694258347,64,32,0.0005271827071869004,676869,"{""alpha"": 0.004432341694258347, ""conv_filters"": 64, ""dense_units"": 32, ""initial_lr"": 0.0005271827071869004}",COMPLETE
420,0.7952961921691895,2026-09-07 18:54:19.175888,2026-09-07 18:55:25.927139,0 days 00:01:06.751251,0.003143590937565471,48,64,0.00026367808258309736,237557,"{""alpha"": 0.003143590937565471, ""conv_filters"": 48, ""dense_units"": 64, ""initial_lr"": 0.00026367808258309736}",COMPLETE
421,0.799651563167572,2026-09-07 18:55:25.927716,2026-09-07 18:56:37.976479,0 days 00:01:12.048763,0.004532839191836832,48,64,0.00038073397506058166,237557,"{""alpha"": 0.004532839191836832, ""conv_filters"": 48, ""dense_units"": 64, ""initial_lr"": 0.00038073397506058166}",COMPLETE
422,0.799651563167572,2026-09-07 18:56:37.977570,2026-09-07 18:57:20.147500,0 days 00:00:42.169930,0.0055400791543572785,24,32,0.00011379144536600504,253949,"{""alpha"": 0.0055400791543572785, ""conv_filters"": 24, ""dense_units"": 32, ""initial_lr"": 0.00011379144536600504}",COMPLETE
423,0.7526132464408875,2026-09-07 18:57:20.148066,2026-09-07 18:57:45.066887,0 days 00:00:24.918821,0.004528213227740277,16,32,0.0005697817489743676,169365,"{""alpha"": 0.004528213227740277, ""conv_filters"": 16, ""dense_units"": 32, ""initial_lr"": 0.0005697817489743676}",COMPLETE
424,0.806620180606842,2026-09-07 18:57:45.067417,2026-09-07 18:58:17.398986,0 days 00:00:32.331569,0.004606979584512408,16,32,0.0001709793409921794,169365,"{""alpha"": 0.004606979584512408, ""conv_filters"": 16, ""dense_units"": 32, ""initial_lr"": 0.0001709793409921794}",COMPLETE
425,0.8022648096084595,2026-09-07 18:58:17.399530,2026-09-07 18:59:29.385091,0 days 00:01:11.985561,0.004347896907828038,48,64,0.0003110787274986322,237557,"{""alpha"": 0.004347896907828038, ""conv_filters"": 48, ""dense_units"": 64, ""initial_lr"": 0.0003110787274986322}",COMPLETE
426,0.7752613425254822,2026-09-07 18:59:29.386105,2026-09-07 19:00:41.859483,0 days 00:01:12.473378,0.005453127786430175,48,32,0.00013960707733953623,507701,"{""alpha"": 0.005453127786430175, ""conv_filters"": 48, ""dense_units"": 32, ""initial_lr"": 0.00013960707733953623}",COMPLETE
427,0.7552264928817749,2026-09-07 19:00:41.860052,2026-09-07 19:01:09.991921,0 days 00:00:28.131869,0.0020137416604480143,16,16,0.00011812248991535818,84789,"{""alpha"": 0.0020137416604480143, ""conv_filters"": 16, ""dense_units"": 16, ""initial_lr"": 0.00011812248991535818}",COMPLETE
428,0.7883275151252747,2026-09-07 19:01:09.992459,2026-09-07 19:01:59.076951,0 days 00:00:49.084492,0.004520141916155661,32,64,0.00022331363814686103,158501,"{""alpha"": 0.004520141916155661, ""conv_filters"": 32, ""dense_units"": 64, ""initial_lr"": 0.00022331363814686103}",COMPLETE
429,0.7970383167266846,2026-09-07 19:01:59.077647,2026-09-07 19:03:10.896322,0 days 00:01:11.818675,0.0038006583474709554,48,64,0.0002444590833598387,237557,"{""alpha"": 0.0038006583474709554, ""conv_filters"": 48, ""dense_units"": 64, ""initial_lr"": 0.0002444590833598387}",COMPLETE
430,0.5313588976860046,2026-09-07 19:03:10.898207,2026-09-07 19:03:27.990842,0 days 00:00:17.092635,0.0048784091380510725,64,8,0.00018517456833749433,169845,"{""alpha"": 0.0048784091380510725, ""conv_filters"": 64, ""dense_units"": 8, ""initial_lr"": 0.00018517456833749433}",COMPLETE
431,0.8205574750900269,2026-09-07 19:03:27.991342,2026-09-07 19:03:59.089818,0 days 00:00:31.098476,0.016486857267787248,16,32,0.0003176647293451564,169365,"{""alpha"": 0.016486857267787248, ""conv_filters"": 16, ""dense_units"": 32, ""initial_lr"": 0.0003176647293451564}",COMPLETE
432,0.8040069937705994,2026-09-07 19:03:59.090321,2026-09-07 19:05:10.800105,0 days 00:01:11.709784,0.0026354003107803645,48,64,0.0003647143372795164,237557,"{""alpha"": 0.0026354003107803645, ""conv_filters"": 48, ""dense_units"": 64, ""initial_lr"": 0.0003647143372795164}",COMPLETE
433,0.8022648096084595,2026-09-07 19:05:10.801175,2026-09-07 19:06:22.404396,0 days 00:01:11.603221,0.003703270258087114,48,64,0.0002965511644192796,237557,"{""alpha"": 0.003703270258087114, ""conv_filters"": 48, ""dense_units"": 64, ""initial_lr"": 0.0002965511644192796}",COMPLETE
434,0.8040069937705994,2026-09-07 19:06:22.404941,2026-09-07 19:07:34.861737,0 days 00:01:12.456796,0.0032204065786697817,48,16,0.00029423738092091626,254165,"{""alpha"": 0.0032204065786697817, ""conv_filters"": 48, ""dense_units"": 16, ""initial_lr"": 0.00029423738092091626}",COMPLETE
435,0.8022648096084595,2026-09-07 19:07:34.862304,2026-09-07 19:08:46.520964,0 days 00:01:11.658660,0.0023729050177802706,48,64,0.0002783446426883249,237557,"{""alpha"": 0.0023729050177802706, ""conv_filters"": 48, ""dense_units"": 64, ""initial_lr"": 0.0002783446426883249}",COMPLETE
436,0.5818815231323242,2026-09-07 19:08:46.521512,2026-09-07 19:08:55.912707,0 days 00:00:09.391195,0.006069570462961528,16,8,0.0008838180286921863,42501,"{""alpha"": 0.006069570462961528, ""conv_filters"": 16, ""dense_units"": 8, ""initial_lr"": 0.0008838180286921863}",COMPLETE
437,0.8109756112098694,2026-09-07 19:08:55.913236,2026-09-07 19:09:38.530934,0 days 00:00:42.617698,0.004181019133668896,24,64,0.0003514232286021513,118973,"{""alpha"": 0.004181019133668896, ""conv_filters"": 24, ""dense_units"": 64, ""initial_lr"": 0.0003514232286021513}",COMPLETE
438,0.4355400800704956,2026-09-07 19:09:38.532583,2026-09-07 19:09:52.447223,0 days 00:00:13.914640,0.004135024445110374,32,32,0.001307220042915708,338533,"{""alpha"": 0.004135024445110374, ""conv_filters"": 32, ""dense_units"": 32, ""initial_lr"": 0.001307220042915708}",COMPLETE
439,0.7595818638801575,2026-09-07 19:09:52.447904,2026-09-07 19:10:35.924421,0 days 00:00:43.476517,0.011975557436191827,24,32,0.0001050176452121884,253949,"{""alpha"": 0.011975557436191827, ""conv_filters"": 24, ""dense_units"": 32, ""initial_lr"": 0.0001050176452121884}",COMPLETE
440,0.7186411023139954,2026-09-07 19:10:35.926468,2026-09-07 19:11:54.529711,0 days 00:01:18.603243,0.004296010897820758,64,32,0.000130108371603806,676869,"{""alpha"": 0.004296010897820758, ""conv_filters"": 64, ""dense_units"": 32, ""initial_lr"": 0.000130108371603806}",COMPLETE
441,0.7717769742012024,2026-09-07 19:11:54.530289,2026-09-07 19:12:21.847837,0 days 00:00:27.317548,0.003934899121444937,16,32,0.000425102946708535,169365,"{""alpha"": 0.003934899121444937, ""conv_filters"": 16, ""dense_units"": 32, ""initial_lr"": 0.000425102946708535}",COMPLETE
442,0.8196864128112793,2026-09-07 19:12:21.848339,2026-09-07 19:13:04.570686,0 days 00:00:42.722347,0.018104340974527976,24,32,0.0004190368997415497,253949,"{""alpha"": 0.018104340974527976, ""conv_filters"": 24, ""dense_units"": 32, ""initial_lr"": 0.0004190368997415497}",COMPLETE
443,0.7952961921691895,2026-09-07 19:13:04.571648,2026-09-07 19:13:46.827390,0 days 00:00:42.255742,0.0022248181169523358,24,64,0.00020111735199877006,118973,"{""alpha"": 0.0022248181169523358, ""conv_filters"": 24, ""dense_units"": 64, ""initial_lr"": 0.00020111735199877006}",COMPLETE
444,0.7770034670829773,2026-09-07 19:13:46.827883,2026-09-07 19:14:15.653239,0 days 00:00:28.825356,0.01711374745021616,24,32,0.0003642571694150163,253949,"{""alpha"": 0.01711374745021616, ""conv_filters"": 24, ""dense_units"": 32, ""initial_lr"": 0.0003642571694150163}",COMPLETE
445,0.7334494590759277,2026-09-07 19:14:15.653807,2026-09-07 19:14:58.501437,0 days 00:00:42.847630,0.019980842888360776,24,32,0.000281809598469939,253949,"{""alpha"": 0.019980842888360776, ""conv_filters"": 24, ""dense_units"": 32, ""initial_lr"": 0.000281809598469939}",COMPLETE
446,0.7909407615661621,2026-09-07 19:14:58.501974,2026-09-07 19:15:48.911351,0 days 00:00:50.409377,0.0030471147064911955,32,32,0.00035751872482585805,338533,"{""alpha"": 0.0030471147064911955, ""conv_filters"": 32, ""dense_units"": 32, ""initial_lr"": 0.00035751872482585805}",COMPLETE
447,0.5757839679718018,2026-09-07 19:15:48.912361,2026-09-07 19:16:32.026727,0 days 00:00:43.114366,0.01781598661731613,24,8,0.0005980396529668039,63725,"{""alpha"": 0.01781598661731613, ""conv_filters"": 24, ""dense_units"": 8, ""initial_lr"": 0.0005980396529668039}",COMPLETE
448,0.8109756112098694,2026-09-07 19:16:32.027247,2026-09-07 19:17:14.509334,0 days 00:00:42.482087,0.0036418024934802787,24,32,0.00012601225163538676,253949,"{""alpha"": 0.0036418024934802787, ""conv_filters"": 24, ""dense_units"": 32, ""initial_lr"": 0.00012601225163538676}",COMPLETE
449,0.7439024448394775,2026-09-07 19:17:14.509888,2026-09-07 19:17:47.445360,0 days 00:00:32.935472,0.009070317020478603,16,32,0.0004143248738887175,169365,"{""alpha"": 0.009070317020478603, ""conv_filters"": 16, ""dense_units"": 32, ""initial_lr"": 0.0004143248738887175}",COMPLETE
450,0.8135888576507568,2026-09-07 19:17:47.445981,2026-09-07 19:18:29.381533,0 days 00:00:41.935552,0.013839162596247666,24,32,0.00040865278502525,253949,"{""alpha"": 0.013839162596247666, ""conv_filters"": 24, ""dense_units"": 32, ""initial_lr"": 0.00040865278502525}",COMPLETE
451,0.7944250702857971,2026-09-07 19:18:29.382162,2026-09-07 19:19:12.231792,0 days 00:00:42.849630,0.016233676333801777,24,8,0.00041905339161114435,63725,"{""alpha"": 0.016233676333801777, ""conv_filters"": 24, ""dense_units"": 8, ""initial_lr"": 0.00041905339161114435}",COMPLETE
452,0.7970383167266846,2026-09-07 19:19:12.233585,2026-09-07 19:20:39.453529,0 days 00:01:27.219944,0.0026061133196661505,64,64,0.00028663944639973515,316613,"{""alpha"": 0.0026061133196661505, ""conv_filters"": 64, ""dense_units"": 64, ""initial_lr"": 0.00028663944639973515}",COMPLETE
453,0.5200348496437073,2026-09-07 19:20:39.454080,2026-09-07 19:20:50.886555,0 days 00:00:11.432475,0.012569491605124357,16,32,0.0005419950948388415,169365,"{""alpha"": 0.012569491605124357, ""conv_filters"": 16, ""dense_units"": 32, ""initial_lr"": 0.0005419950948388415}",COMPLETE
454,0.7560975551605225,2026-09-07 19:20:50.887059,2026-09-07 19:21:34.372132,0 days 00:00:43.485073,0.011253992152962166,24,48,0.00013667154121505652,89309,"{""alpha"": 0.011253992152962166, ""conv_filters"": 24, ""dense_units"": 48, ""initial_lr"": 0.00013667154121505652}",COMPLETE
455,0.7787456512451172,2026-09-07 19:21:34.372708,2026-09-07 19:22:07.008126,0 days 00:00:32.635418,0.0020447483516587168,16,64,0.00032161612112419107,79445,"{""alpha"": 0.0020447483516587168, ""conv_filters"": 16, ""dense_units"": 64, ""initial_lr"": 0.00032161612112419107}",COMPLETE
456,0.7979093790054321,2026-09-07 19:22:07.009100,2026-09-07 19:22:49.133059,0 days 00:00:42.123959,0.01808009405042377,24,32,0.0004542074558070598,253949,"{""alpha"": 0.01808009405042377, ""conv_filters"": 24, ""dense_units"": 32, ""initial_lr"": 0.0004542074558070598}",COMPLETE
457,0.7848432064056396,2026-09-07 19:22:49.133598,2026-09-07 19:23:21.979082,0 days 00:00:32.845484,0.0019823054044676627,16,32,0.0001114377253417782,169365,"{""alpha"": 0.0019823054044676627, ""conv_filters"": 16, ""dense_units"": 32, ""initial_lr"": 0.0001114377253417782}",COMPLETE
458,0.8013937473297119,2026-09-07 19:23:21.979577,2026-09-07 19:24:00.234012,0 days 00:00:38.254435,0.013104085574436835,24,32,0.0007229563094119087,253949,"{""alpha"": 0.013104085574436835, ""conv_filters"": 24, ""dense_units"": 32, ""initial_lr"": 0.0007229563094119087}",COMPLETE
459,0.8013937473297119,2026-09-07 19:24:00.234524,2026-09-07 19:24:42.515987,0 days 00:00:42.281463,0.022082914133552033,24,32,0.00039239003484410026,253949,"{""alpha"": 0.022082914133552033, ""conv_filters"": 24, ""dense_units"": 32, ""initial_lr"": 0.00039239003484410026}",COMPLETE
460,0.7247386574745178,2026-09-07 19:24:42.516565,2026-09-07 19:25:15.490850,0 days 00:00:32.974285,0.0036576989971445558,16,8,0.00014114406726279527,42501,"{""alpha"": 0.0036576989971445558, ""conv_filters"": 16, ""dense_units"": 8, ""initial_lr"": 0.00014114406726279527}",COMPLETE
461,0.8005226254463196,2026-09-07 19:25:15.491361,2026-09-07 19:25:57.755783,0 days 00:00:42.264422,0.02727096314674192,24,32,0.00011843492317384566,253949,"{""alpha"": 0.02727096314674192, ""conv_filters"": 24, ""dense_units"": 32, ""initial_lr"": 0.00011843492317384566}",COMPLETE
462,0.8092334270477295,2026-09-07 19:25:57.756709,2026-09-07 19:27:08.494717,0 days 00:01:10.738008,0.0033834618098365116,48,64,0.00041238672764777216,237557,"{""alpha"": 0.0033834618098365116, ""conv_filters"": 48, ""dense_units"": 64, ""initial_lr"": 0.00041238672764777216}",COMPLETE
463,0.7517421841621399,2026-09-07 19:27:08.495299,2026-09-07 19:27:34.053451,0 days 00:00:25.558152,0.004516211390512979,16,32,0.0008477650826589071,169365,"{""alpha"": 0.004516211390512979, ""conv_filters"": 16, ""dense_units"": 32, ""initial_lr"": 0.0008477650826589071}",COMPLETE
464,0.6097561120986938,2026-09-07 19:27:34.054068,2026-09-07 19:27:56.932439,0 days 00:00:22.878371,0.02145840006622949,24,32,0.0009832245906453059,253949,"{""alpha"": 0.02145840006622949, ""conv_filters"": 24, ""dense_units"": 32, ""initial_lr"": 0.0009832245906453059}",COMPLETE
465,0.8074913024902344,2026-09-07 19:27:56.933010,2026-09-07 19:29:26.036662,0 days 00:01:29.103652,0.01763232515451516,64,32,0.0002722687069864908,676869,"{""alpha"": 0.01763232515451516, ""conv_filters"": 64, ""dense_units"": 32, ""initial_lr"": 0.0002722687069864908}",COMPLETE
466,0.8109756112098694,2026-09-07 19:29:26.038508,2026-09-07 19:30:38.193366,0 days 00:01:12.154858,0.005605487581052803,48,64,0.00035140797303306333,237557,"{""alpha"": 0.005605487581052803, ""conv_filters"": 48, ""dense_units"": 64, ""initial_lr"": 0.00035140797303306333}",COMPLETE
467,0.6489546895027161,2026-09-07 19:30:38.193951,2026-09-07 19:31:00.609855,0 days 00:00:22.415904,0.014723830119673912,24,32,0.0009141923608508458,253949,"{""alpha"": 0.014723830119673912, ""conv_filters"": 24, ""dense_units"": 32, ""initial_lr"": 0.0009141923608508458}",COMPLETE
468,0.7804877758026123,2026-09-07 19:31:00.610390,2026-09-07 19:31:29.649518,0 days 00:00:29.039128,0.01810123969936362,24,32,0.0006595655889243371,253949,"{""alpha"": 0.01810123969936362, ""conv_filters"": 24, ""dense_units"": 32, ""initial_lr"": 0.0006595655889243371}",COMPLETE
469,0.7848432064056396,2026-09-07 19:31:29.650107,2026-09-07 19:32:12.112919,0 days 00:00:42.462812,0.016366223797476216,24,48,0.00014256427083807598,89309,"{""alpha"": 0.016366223797476216, ""conv_filters"": 24, ""dense_units"": 48, ""initial_lr"": 0.00014256427083807598}",COMPLETE
470,0.7421602606773376,2026-09-07 19:32:12.113463,2026-09-07 19:32:54.906275,0 days 00:00:42.792812,0.004227140121879841,24,16,0.0001461833341023442,127133,"{""alpha"": 0.004227140121879841, ""conv_filters"": 24, ""dense_units"": 16, ""initial_lr"": 0.0001461833341023442}",COMPLETE
471,0.7299651503562927,2026-09-07 19:32:54.907202,2026-09-07 19:33:19.805946,0 days 00:00:24.898744,0.015769703923174797,24,32,0.0010692993812500427,253949,"{""alpha"": 0.015769703923174797, ""conv_filters"": 24, ""dense_units"": 32, ""initial_lr"": 0.0010692993812500427}",COMPLETE
472,0.7952961921691895,2026-09-07 19:33:19.806478,2026-09-07 19:33:52.749991,0 days 00:00:32.943513,0.026261288581818035,16,32,0.00046299893948491705,169365,"{""alpha"": 0.026261288581818035, ""conv_filters"": 16, ""dense_units"": 32, ""initial_lr"": 0.00046299893948491705}",COMPLETE
473,0.7952961921691895,2026-09-07 19:33:52.750531,2026-09-07 19:34:35.691917,0 days 00:00:42.941386,0.007844287901704466,24,32,0.00010303912708688324,253949,"{""alpha"": 0.007844287901704466, ""conv_filters"": 24, ""dense_units"": 32, ""initial_lr"": 0.00010303912708688324}",COMPLETE
474,0.8074913024902344,2026-09-07 19:34:35.692495,2026-09-07 19:35:48.471698,0 days 00:01:12.779203,0.006273093271202011,48,32,0.00010297823784505831,507701,"{""alpha"": 0.006273093271202011, ""conv_filters"": 48, ""dense_units"": 32, ""initial_lr"": 0.00010297823784505831}",COMPLETE
475,0.8013937473297119,2026-09-07 19:35:48.473569,2026-09-07 19:36:22.691684,0 days 00:00:34.218115,0.015429269542825618,24,32,0.0002634140290185841,253949,"{""alpha"": 0.015429269542825618, ""conv_filters"": 24, ""dense_units"": 32, ""initial_lr"": 0.0002634140290185841}",COMPLETE
476,0.7395470142364502,2026-09-07 19:36:22.692271,2026-09-07 19:37:52.738723,0 days 00:01:30.046452,0.00824589871694489,64,32,0.00014391467903942688,676869,"{""alpha"": 0.00824589871694489, ""conv_filters"": 64, ""dense_units"": 32, ""initial_lr"": 0.00014391467903942688}",COMPLETE
477,0.8101045489311218,2026-09-07 19:37:52.739271,2026-09-07 19:38:26.113870,0 days 00:00:33.374599,0.005687708644661226,16,32,0.0007516668576042373,169365,"{""alpha"": 0.005687708644661226, ""conv_filters"": 16, ""dense_units"": 32, ""initial_lr"": 0.0007516668576042373}",COMPLETE
478,0.799651563167572,2026-09-07 19:38:26.114469,2026-09-07 19:39:09.269298,0 days 00:00:43.154829,0.009292263023988051,24,64,0.00015286970050032428,118973,"{""alpha"": 0.009292263023988051, ""conv_filters"": 24, ""dense_units"": 64, ""initial_lr"": 0.00015286970050032428}",COMPLETE
479,0.792682945728302,2026-09-07 19:39:09.270268,2026-09-07 19:40:24.050795,0 days 00:01:14.780527,0.0025662624849996326,48,16,0.00024584996989922406,254165,"{""alpha"": 0.0025662624849996326, ""conv_filters"": 48, ""dense_units"": 16, ""initial_lr"": 0.00024584996989922406}",COMPLETE
480,0.7918118238449097,2026-09-07 19:40:24.051410,2026-09-07 19:42:30.009237,0 days 00:02:05.957827,0.0018848506006208623,64,32,0.00013792881794036686,676869,"{""alpha"": 0.0018848506006208623, ""conv_filters"": 64, ""dense_units"": 32, ""initial_lr"": 0.00013792881794036686}",COMPLETE
481,0.8005226254463196,2026-09-07 19:42:30.011131,2026-09-07 19:43:20.780498,0 days 00:00:50.769367,0.001537722376399045,32,64,0.00030011716226512514,158501,"{""alpha"": 0.001537722376399045, ""conv_filters"": 32, ""dense_units"": 64, ""initial_lr"": 0.00030011716226512514}",COMPLETE
482,0.8040069937705994,2026-09-07 19:43:20.781097,2026-09-07 19:44:28.498925,0 days 00:01:07.717828,0.004835496887771325,48,64,0.0002635944394612497,237557,"{""alpha"": 0.004835496887771325, ""conv_filters"": 48, ""dense_units"": 64, ""initial_lr"": 0.0002635944394612497}",COMPLETE
483,0.8118466734886169,2026-09-07 19:44:28.499447,2026-09-07 19:45:58.179482,0 days 00:01:29.680035,0.0015849036378548054,64,32,0.00012518428440656666,676869,"{""alpha"": 0.0015849036378548054, ""conv_filters"": 64, ""dense_units"": 32, ""initial_lr"": 0.00012518428440656666}",COMPLETE
484,0.7952961921691895,2026-09-07 19:45:58.180499,2026-09-07 19:46:41.009857,0 days 00:00:42.829358,0.014513723424969954,24,32,0.0003089957790918361,253949,"{""alpha"": 0.014513723424969954, ""conv_filters"": 24, ""dense_units"": 32, ""initial_lr"": 0.0003089957790918361}",COMPLETE
485,0.7883275151252747,2026-09-07 19:46:41.010488,2026-09-07 19:47:13.324110,0 days 00:00:32.313622,0.0020928259368844277,16,32,0.0001409931727661397,169365,"{""alpha"": 0.0020928259368844277, ""conv_filters"": 16, ""dense_units"": 32, ""initial_lr"": 0.0001409931727661397}",COMPLETE
486,0.8040069937705994,2026-09-07 19:47:13.324611,2026-09-07 19:48:25.502715,0 days 00:01:12.178104,0.0020077275372439914,48,64,0.00022943007104390248,237557,"{""alpha"": 0.0020077275372439914, ""conv_filters"": 48, ""dense_units"": 64, ""initial_lr"": 0.00022943007104390248}",COMPLETE
487,0.7979093790054321,2026-09-07 19:48:25.503226,2026-09-07 19:49:08.499799,0 days 00:00:42.996573,0.002189297144418041,24,32,0.00020167615601858707,253949,"{""alpha"": 0.002189297144418041, ""conv_filters"": 24, ""dense_units"": 32, ""initial_lr"": 0.00020167615601858707}",COMPLETE
488,0.8022648096084595,2026-09-07 19:49:08.501521,2026-09-07 19:49:41.175098,0 days 00:00:32.673577,0.0038416199017757215,16,32,0.00013571167647331286,169365,"{""alpha"": 0.0038416199017757215, ""conv_filters"": 16, ""dense_units"": 32, ""initial_lr"": 0.00013571167647331286}",COMPLETE
489,0.8275261521339417,2026-09-07 19:49:41.175719,2026-09-07 19:50:53.761181,0 days 00:01:12.585462,0.00278240528522536,48,48,0.0002975779176889909,178325,"{""alpha"": 0.00278240528522536, ""conv_filters"": 48, ""dense_units"": 48, ""initial_lr"": 0.0002975779176889909}",COMPLETE
490,0.7587108016014099,2026-09-07 19:50:53.761681,2026-09-07 19:51:36.258026,0 days 00:00:42.496345,0.014167194034668559,24,32,0.0005088451031816017,253949,"{""alpha"": 0.014167194034668559, ""conv_filters"": 24, ""dense_units"": 32, ""initial_lr"": 0.0005088451031816017}",COMPLETE
491,0.7717769742012024,2026-09-07 19:51:36.258528,2026-09-07 19:52:49.522608,0 days 00:01:13.264080,0.003964418950130069,48,16,0.00032647211267918365,254165,"{""alpha"": 0.003964418950130069, ""conv_filters"": 48, ""dense_units"": 16, ""initial_lr"": 0.00032647211267918365}",COMPLETE
492,0.7857142686843872,2026-09-07 19:52:49.524753,2026-09-07 19:54:17.128309,0 days 00:01:27.603556,0.0029389105594221122,64,64,0.0003581759719591834,316613,"{""alpha"": 0.0029389105594221122, ""conv_filters"": 64, ""dense_units"": 64, ""initial_lr"": 0.0003581759719591834}",COMPLETE
493,0.8022648096084595,2026-09-07 19:54:17.128838,2026-09-07 19:55:07.101436,0 days 00:00:49.972598,0.004944469148267108,32,64,0.00018340823165570458,158501,"{""alpha"": 0.004944469148267108, ""conv_filters"": 32, ""dense_units"": 64, ""initial_lr"": 0.00018340823165570458}",COMPLETE
494,0.7552264928817749,2026-09-07 19:55:07.101990,2026-09-07 19:55:35.733973,0 days 00:00:28.631983,0.0045047159796479126,32,64,0.0004797335094885163,158501,"{""alpha"": 0.0045047159796479126, ""conv_filters"": 32, ""dense_units"": 64, ""initial_lr"": 0.0004797335094885163}",COMPLETE
495,0.803135871887207,2026-09-07 19:55:35.735023,2026-09-07 19:56:18.623970,0 days 00:00:42.888947,0.011961939227340993,24,32,0.00012412812333984915,253949,"{""alpha"": 0.011961939227340993, ""conv_filters"": 24, ""dense_units"": 32, ""initial_lr"": 0.00012412812333984915}",COMPLETE
496,0.7970383167266846,2026-09-07 19:56:18.624848,2026-09-07 19:57:31.334142,0 days 00:01:12.709294,0.003908315421999986,48,48,0.0002673350369603645,178325,"{""alpha"": 0.003908315421999986, ""conv_filters"": 48, ""dense_units"": 48, ""initial_lr"": 0.0002673350369603645}",COMPLETE
497,0.806620180606842,2026-09-07 19:57:31.334704,2026-09-07 19:58:34.184309,0 days 00:01:02.849605,0.0023539336243569562,48,48,0.00033435281831990045,178325,"{""alpha"": 0.0023539336243569562, ""conv_filters"": 48, ""dense_units"": 48, ""initial_lr"": 0.00033435281831990045}",COMPLETE
498,0.7360627055168152,2026-09-07 19:58:34.185249,2026-09-07 19:58:53.009217,0 days 00:00:18.823968,0.015436300871960686,16,32,0.00039704404931756277,169365,"{""alpha"": 0.015436300871960686, ""conv_filters"": 16, ""dense_units"": 32, ""initial_lr"": 0.00039704404931756277}",COMPLETE
499,0.6951219439506531,2026-09-07 19:58:53.009703,2026-09-07 19:59:21.902402,0 days 00:00:28.892699,0.005987718156340817,16,8,0.00011952005367786179,42501,"{""alpha"": 0.005987718156340817, ""conv_filters"": 16, ""dense_units"": 8, ""initial_lr"": 0.00011952005367786179}",COMPLETE
